 Event Info  From:31-Oct-2024 13:00:00 UTC To: 02-Jan-2025 13:00:00 UTC,,,,,,,,
timestamp,unitserialnumber,code,deviceId,manual,type,message,alarm_type,eventDateTime
15/11/2024 3:49,2024004,,un0000000000002155,FALSE,4,Received the command for stopstate,INFO,15/11/2024 3:49
15/11/2024 3:50,2024004,,un0000000000002155,FALSE,4,Received the command for stopstate,INFO,15/11/2024 3:50
15/11/2024 3:50,2024004,,un0000000000002155,FALSE,4,Received the command for stopstate,INFO,15/11/2024 3:50
15/11/2024 4:11,2024004,,un0000000000002155,FALSE,4,Received the command for stopstate,INFO,15/11/2024 4:11
15/11/2024 4:16,2024004,2000,un0000000000002155,FALSE,4,Received the command for initializationstate,INFO,15/11/2024 4:16
15/11/2024 4:20,2024004,,un0000000000002155,FALSE,4,Received the command for stopstate,INFO,15/11/2024 4:20
15/11/2024 4:20,2024004,,un0000000000002155,FALSE,4,Received the command for stopstate,INFO,15/11/2024 4:20
15/11/2024 4:20,2024004,,un0000000000002155,FALSE,4,Received the command for stopstate,INFO,15/11/2024 4:20
15/11/2024 4:25,2024004,,un0000000000002155,FALSE,4,Received the command for stopstate,INFO,15/11/2024 4:25
15/11/2024 4:26,2024004,,un0000000000002155,FALSE,4,Received the command for stopstate,INFO,15/11/2024 4:26
15/11/2024 4:26,2024004,,un0000000000002155,FALSE,4,Received the command for stopstate,INFO,15/11/2024 4:26
15/11/2024 4:26,2024004,,un0000000000002155,FALSE,4,Received the command for stopstate,INFO,15/11/2024 4:26
15/11/2024 4:26,2024004,,un0000000000002155,FALSE,4,Received the command for stopstate,INFO,15/11/2024 4:26
15/11/2024 4:26,2024004,,un0000000000002155,FALSE,4,Received the command for stopstate,INFO,15/11/2024 4:26
15/11/2024 4:42,2024004,2000,un0000000000002155,FALSE,4,Received the command for initializationstate,INFO,15/11/2024 4:42
15/11/2024 4:53,2024004,,un0000000000002155,FALSE,4,Received the command for stopstate,INFO,15/11/2024 4:53
15/11/2024 4:54,2024004,,un0000000000002155,FALSE,4,Received the command for stopstate,INFO,15/11/2024 4:54
15/11/2024 4:54,2024004,,un0000000000002155,FALSE,4,Received the command for stopstate,INFO,15/11/2024 4:54
19/11/2024 5:44,2024004,5003,un0000000000002155,FALSE,4,STOP System Line & Housing Flush To Drain - Pre-Pump - If Poison Timer Has Ended - Transition to TagOut State,INFO,19/11/2024 5:44
19/11/2024 5:58,2024004,2000,un0000000000002155,FALSE,4,Received the command for initializationstate,INFO,19/11/2024 5:58
19/11/2024 22:00,2024004,2000,un0000000000002155,FALSE,4,Received the command for initializationstate,INFO,19/11/2024
20/11/2024 0:03,2024004,4003,un0000000000002155,FALSE,4,System leakage test - If Poison Timer Has Ended - Transition to TagOut State,INFO,20/11/2024 0:03
20/11/2024 2:01,2024004,,un0000000000002155,FALSE,4,Received the command for stopstate,INFO,20/11/2024 2:01
22/11/2024 3:39,2024004,,un0000000000002155,FALSE,4,Received the command for stopstate,INFO,22/11/2024 3:39
22/11/2024 3:46,2024004,,un0000000000002155,FALSE,4,Received the command for stopstate,INFO,22/11/2024 3:46
22/11/2024 3:55,2024004,,un0000000000002155,FALSE,4,Received the command for stopstate,INFO,22/11/2024 3:55
22/11/2024 4:08,2024004,,un0000000000002155,FALSE,4,Received the command for stopstate,INFO,22/11/2024 4:08
22/11/2024 4:09,2024004,,un0000000000002155,FALSE,4,Received the command for stopstate,INFO,22/11/2024 4:09
22/11/2024 4:09,2024004,,un0000000000002155,FALSE,4,Received the command for stopstate,INFO,22/11/2024 4:09
22/11/2024 4:09,2024004,,un0000000000002155,FALSE,4,Received the command for stopstate,INFO,22/11/2024 4:09
22/11/2024 4:50,2024004,,un0000000000002155,FALSE,4,Received the command for stopstate,INFO,22/11/2024 4:50
22/11/2024 4:51,2024004,,un0000000000002155,FALSE,4,Received the command for stopstate,INFO,22/11/2024 4:51
22/11/2024 4:51,2024004,,un0000000000002155,FALSE,4,Received the command for stopstate,INFO,22/11/2024 4:51
22/11/2024 4:51,2024004,,un0000000000002155,FALSE,4,Received the command for stopstate,INFO,22/11/2024 4:51
22/11/2024 4:51,2024004,,un0000000000002155,FALSE,4,Received the command for stopstate,INFO,22/11/2024 4:51
22/11/2024 5:32,2024004,,un0000000000002155,FALSE,4,Received the command for stopstate,INFO,22/11/2024 5:32
22/11/2024 5:36,2024004,,un0000000000002155,FALSE,4,Received the command for stopstate,INFO,22/11/2024 5:36
22/11/2024 5:36,2024004,,un0000000000002155,FALSE,4,Received the command for stopstate,INFO,22/11/2024 5:36
22/11/2024 6:01,2024004,,un0000000000002155,FALSE,4,Received the command for stopstate,INFO,22/11/2024 6:01
22/11/2024 6:38,2024004,,un0000000000002155,FALSE,4,Received the command for stopstate,INFO,22/11/2024 6:38
22/11/2024 6:38,2024004,,un0000000000002155,FALSE,4,Received the command for stopstate,INFO,22/11/2024 6:38
22/11/2024 6:39,2024004,,un0000000000002155,FALSE,4,Received the command for stopstate,INFO,22/11/2024 6:39
26/11/2024 5:32,2024004,,un0000000000002155,FALSE,4,Received the command for stopstate,INFO,26/11/2024 5:32
26/11/2024 19:05,2024004,,un0000000000002155,FALSE,4,Received the command for stopstate,INFO,26/11/2024
27/11/2024 3:51,2024004,,un0000000000002155,FALSE,4,Received the command for stopstate,INFO,27/11/2024 3:51
27/11/2024 3:53,2024004,,un0000000000002155,FALSE,4,Received the command for stopstate,INFO,27/11/2024 3:53
27/11/2024 3:53,2024004,,un0000000000002155,FALSE,4,Received the command for stopstate,INFO,27/11/2024 3:53
27/11/2024 3:53,2024004,,un0000000000002155,FALSE,4,Received the command for stopstate,INFO,27/11/2024 3:53
27/11/2024 3:56,2024004,,un0000000000002155,FALSE,4,Received the command for stopstate,INFO,27/11/2024 3:56
27/11/2024 4:01,2024004,,un0000000000002155,FALSE,4,Received the command for stopstate,INFO,27/11/2024 4:01
27/11/2024 18:45,2024004,,un0000000000002155,FALSE,4,Received the command for stopstate,INFO,27/11/2024
27/11/2024 23:31,2024004,2000,un0000000000002155,FALSE,4,Received the command for initializationstate,INFO,27/11/2024
27/11/2024 23:33,2024004,4043,un0000000000002155,FALSE,4,"MEMBRANE DIRECT INTEGRITY (DIT) TEST -  Complete DIT, If The Maximum Allowed Time Without A DIT Has Been Exceeded",INFO,27/11/2024
28/11/2024 0:09,2024004,2000,un0000000000002155,FALSE,4,Received the command for initializationstate,INFO,28/11/2024 0:09
28/11/2024 0:10,2024004,Execute Membrane Direct Integrity Test (DIT)  - Last Run Interrupted/Was Not Completed In Its Entirety,un0000000000002155,FALSE,4,MEMBRANE DIRECT INTEGRITY (DIT) TEST - RETURN To Membrane Direct Integrity Testing (DIT) If LAST DIT Was Interrupted/Was Not Completed In Its Entirety,INFO,28/11/2024 0:10
28/11/2024 0:20,2024004,4027,un0000000000002155,FALSE,4,STOP Membrane Direct Integrity Test Feed Pressurization - Transition To Wait State If DIT Target Test Hold Pressure Could Not Be Reached,INFO,28/11/2024 0:20
28/11/2024 0:20,2024004,4027,un0000000000002155,FALSE,4,STOP Membrane Direct Integrity Test Feed Pressurization - Transition To Wait State If DIT Target Test Hold Pressure Could Not Be Reached,INFO,28/11/2024 0:20
28/11/2024 0:21,2024004,Execute Membrane Fill,un0000000000002155,FALSE,4,GENERAL SYSTEM - FILL Membrane Feed & Filtrate Sides With Water,INFO,28/11/2024 0:21
28/11/2024 0:28,2024004,Execute Membrane Direct Integrity Test (DIT)  - Last Run Interrupted/Was Not Completed In Its Entirety,un0000000000002155,FALSE,4,MEMBRANE DIRECT INTEGRITY (DIT) TEST - RETURN To Membrane Direct Integrity Testing (DIT) If LAST DIT Was Interrupted/Was Not Completed In Its Entirety,INFO,28/11/2024 0:28
28/11/2024 0:37,2024004,4027,un0000000000002155,FALSE,4,STOP Membrane Direct Integrity Test Feed Pressurization - Transition To Wait State If DIT Target Test Hold Pressure Could Not Be Reached,INFO,28/11/2024 0:37
28/11/2024 0:37,2024004,4027,un0000000000002155,FALSE,4,STOP Membrane Direct Integrity Test Feed Pressurization - Transition To Wait State If DIT Target Test Hold Pressure Could Not Be Reached,INFO,28/11/2024 0:37
28/11/2024 0:38,2024004,Execute Membrane Fill,un0000000000002155,FALSE,4,GENERAL SYSTEM - FILL Membrane Feed & Filtrate Sides With Water,INFO,28/11/2024 0:38
28/11/2024 0:44,2024004,Execute Membrane Direct Integrity Test (DIT)  - Last Run Interrupted/Was Not Completed In Its Entirety,un0000000000002155,FALSE,4,MEMBRANE DIRECT INTEGRITY (DIT) TEST - RETURN To Membrane Direct Integrity Testing (DIT) If LAST DIT Was Interrupted/Was Not Completed In Its Entirety,INFO,28/11/2024 0:44
28/11/2024 0:54,2024004,4027,un0000000000002155,FALSE,4,STOP Membrane Direct Integrity Test Feed Pressurization - Transition To Wait State If DIT Target Test Hold Pressure Could Not Be Reached,INFO,28/11/2024 0:54
28/11/2024 0:54,2024004,4027,un0000000000002155,FALSE,4,STOP Membrane Direct Integrity Test Feed Pressurization - Transition To Wait State If DIT Target Test Hold Pressure Could Not Be Reached,INFO,28/11/2024 0:54
28/11/2024 0:55,2024004,Execute Membrane Fill,un0000000000002155,FALSE,4,GENERAL SYSTEM - FILL Membrane Feed & Filtrate Sides With Water,INFO,28/11/2024 0:55
28/11/2024 1:01,2024004,Execute Membrane Direct Integrity Test (DIT)  - Last Run Interrupted/Was Not Completed In Its Entirety,un0000000000002155,FALSE,4,MEMBRANE DIRECT INTEGRITY (DIT) TEST - RETURN To Membrane Direct Integrity Testing (DIT) If LAST DIT Was Interrupted/Was Not Completed In Its Entirety,INFO,28/11/2024 1:01
28/11/2024 1:10,2024004,4027,un0000000000002155,FALSE,4,STOP Membrane Direct Integrity Test Feed Pressurization - Transition To Wait State If DIT Target Test Hold Pressure Could Not Be Reached,INFO,28/11/2024 1:10
28/11/2024 1:10,2024004,4027,un0000000000002155,FALSE,4,STOP Membrane Direct Integrity Test Feed Pressurization - Transition To Wait State If DIT Target Test Hold Pressure Could Not Be Reached,INFO,28/11/2024 1:10
28/11/2024 1:11,2024004,Execute Membrane Fill,un0000000000002155,FALSE,4,GENERAL SYSTEM - FILL Membrane Feed & Filtrate Sides With Water,INFO,28/11/2024 1:11
28/11/2024 1:17,2024004,Execute Membrane Direct Integrity Test (DIT)  - Last Run Interrupted/Was Not Completed In Its Entirety,un0000000000002155,FALSE,4,MEMBRANE DIRECT INTEGRITY (DIT) TEST - RETURN To Membrane Direct Integrity Testing (DIT) If LAST DIT Was Interrupted/Was Not Completed In Its Entirety,INFO,28/11/2024 1:17
28/11/2024 1:37,2024004,Execute Potable Water Production - Operation Mode: Time Duration,un0000000000002155,FALSE,4,AUTOMATIC TRANSITION - Production State - Continue Potable Water Production,INFO,28/11/2024 1:37
28/11/2024 20:08,2024004,,un0000000000002155,FALSE,4,Received the command for stopstate,INFO,28/11/2024
28/11/2024 20:14,2024004,2000,un0000000000002155,FALSE,4,Received the command for initializationstate,INFO,28/11/2024
28/11/2024 20:16,2024004,Execute Potable Water Production - Operation Mode: Time Duration,un0000000000002155,FALSE,4,AUTOMATIC TRANSITION - Production State - Continue Potable Water Production,INFO,28/11/2024
28/11/2024 22:10,2024004,,un0000000000002155,FALSE,4,Received the command for stopstate,INFO,28/11/2024
28/11/2024 22:18,2024004,2000,un0000000000002155,FALSE,4,Received the command for initializationstate,INFO,28/11/2024
28/11/2024 22:20,2024004,Execute Potable Water Production - Operation Mode: Time Duration,un0000000000002155,FALSE,4,AUTOMATIC TRANSITION - Production State - Continue Potable Water Production,INFO,28/11/2024
28/11/2024 22:55,2024004,Execute Membrane Air Scour - Time Triggered,un0000000000002155,FALSE,4,CLEAN IN PLACE TRIGGER - Transition to Membrane Air Scour State - IF Cleaning In-Place Cycle Trigger Mode Is Set To TIME,INFO,28/11/2024
28/11/2024 22:56,2024004,Execute Membrane Air Scour - Time Triggered,un0000000000002155,FALSE,4,CLEAN IN PLACE TRIGGER - Transition to Membrane Air Scour State - IF Cleaning In-Place Cycle Trigger Mode Is Set To TIME,INFO,28/11/2024
28/11/2024 23:09,2024004,Execute Membrane Post Clean Permeability Test,un0000000000002155,FALSE,4,"MEMBRANE CLEANING - TEST Membrane Flux Profile, Post Membrane Air Scouring And/Or Membrane Maintenance Clean",INFO,28/11/2024
28/11/2024 23:14,2024004,Membrane Post Clean Permeability Test PASSED,un0000000000002155,FALSE,4,STOP Membrane Flux Profile Test - Test PASSED,INFO,28/11/2024
28/11/2024 23:15,2024004,Execute Potable Water Production - Operation Mode: Time Duration,un0000000000002155,FALSE,4,AUTOMATIC TRANSITION - Production State - Continue Potable Water Production,INFO,28/11/2024
28/11/2024 23:29,2024004,Execute Pre Filter Flush Clean - Time Triggered,un0000000000002155,FALSE,4,CLEAN IN PLACE TRIGGER - Transition to Pre-Filter Flush Clean State - IF Cleaning In-Place Cycle Trigger Mode Is Set To TIME,INFO,28/11/2024
28/11/2024 23:29,2024004,Execute Pre Filter Flush Clean - Time Triggered,un0000000000002155,FALSE,4,CLEAN IN PLACE TRIGGER - Transition to Pre-Filter Flush Clean State - IF Cleaning In-Place Cycle Trigger Mode Is Set To TIME,INFO,28/11/2024
28/11/2024 23:39,2024004,Execute Potable Water Production Automatically,un0000000000002155,FALSE,4,AUTOMATIC TRANSITION - Production State,INFO,28/11/2024
29/11/2024 1:12,2024004,2000,un0000000000002155,FALSE,4,Received the command for initializationstate,INFO,29/11/2024 1:12
29/11/2024 1:12,2024004,2000,un0000000000002155,FALSE,4,Received the command for initializationstate,INFO,29/11/2024 1:12
29/11/2024 1:13,2024004,Execute Potable Water Production Automatically,un0000000000002155,FALSE,4,AUTOMATIC TRANSITION - Production State,INFO,29/11/2024 1:13
29/11/2024 1:25,2024004,,un0000000000002155,FALSE,4,Received the command for stopstate,INFO,29/11/2024 1:25
29/11/2024 1:50,2024004,2000,un0000000000002155,FALSE,4,Received the command for initializationstate,INFO,29/11/2024 1:50
29/11/2024 1:51,2024004,4043,un0000000000002155,FALSE,4,"MEMBRANE DIRECT INTEGRITY (DIT) TEST -  Complete DIT, If The Maximum Allowed Time Without A DIT Has Been Exceeded",INFO,29/11/2024 1:51
29/11/2024 2:12,2024004,Execute Potable Water Production Automatically,un0000000000002155,FALSE,4,AUTOMATIC TRANSITION - Production State,INFO,29/11/2024 2:12
29/11/2024 2:16,2024004,5002,un0000000000002155,FALSE,4,WATER PUMP SPEED CONTROL - CALCULATE Water Pump Speed - INCREASE Water Pump Speed If Water Flowrate is LOW,INFO,29/11/2024 2:16
29/11/2024 2:17,2024004,5002,un0000000000002155,FALSE,4,WATER PUMP SPEED CONTROL - CALCULATE Water Pump Speed - INCREASE Water Pump Speed If Water Flowrate is LOW,INFO,29/11/2024 2:17
29/11/2024 2:17,2024004,5002,un0000000000002155,FALSE,4,WATER PUMP SPEED CONTROL - CALCULATE Water Pump Speed - INCREASE Water Pump Speed If Water Flowrate is LOW,INFO,29/11/2024 2:17
29/11/2024 2:17,2024004,5002,un0000000000002155,FALSE,4,WATER PUMP SPEED CONTROL - CALCULATE Water Pump Speed - INCREASE Water Pump Speed If Water Flowrate is LOW,INFO,29/11/2024 2:17
29/11/2024 2:17,2024004,5002,un0000000000002155,FALSE,4,WATER PUMP SPEED CONTROL - CALCULATE Water Pump Speed - INCREASE Water Pump Speed If Water Flowrate is LOW,INFO,29/11/2024 2:17
29/11/2024 2:22,2024004,,un0000000000002155,FALSE,4,Received the command for stopstate,INFO,29/11/2024 2:22
29/11/2024 2:25,2024004,Execute Potable Water Production Automatically,un0000000000002155,FALSE,4,AUTOMATIC TRANSITION - Production State,INFO,29/11/2024 2:25
29/11/2024 2:30,2024004,5002,un0000000000002155,FALSE,4,WATER PUMP SPEED CONTROL - CALCULATE Water Pump Speed - INCREASE Water Pump Speed If Water Flowrate is LOW,INFO,29/11/2024 2:30
29/11/2024 2:30,2024004,5002,un0000000000002155,FALSE,4,WATER PUMP SPEED CONTROL - CALCULATE Water Pump Speed - INCREASE Water Pump Speed If Water Flowrate is LOW,INFO,29/11/2024 2:30
29/11/2024 2:30,2024004,5002,un0000000000002155,FALSE,4,WATER PUMP SPEED CONTROL - CALCULATE Water Pump Speed - INCREASE Water Pump Speed If Water Flowrate is LOW,INFO,29/11/2024 2:30
29/11/2024 2:30,2024004,5002,un0000000000002155,FALSE,4,WATER PUMP SPEED CONTROL - CALCULATE Water Pump Speed - INCREASE Water Pump Speed If Water Flowrate is LOW,INFO,29/11/2024 2:30
29/11/2024 2:30,2024004,5002,un0000000000002155,FALSE,4,WATER PUMP SPEED CONTROL - CALCULATE Water Pump Speed - INCREASE Water Pump Speed If Water Flowrate is LOW,INFO,29/11/2024 2:30
29/11/2024 2:31,2024004,5001,un0000000000002155,FALSE,4,WATER PUMP SPEED CONTROL - CALCULATE Water Pump Speed - REDUCE Water Pump Speed If Water Flowrate is HIGH or UV Dose Can NOT Be Achieved,INFO,29/11/2024 2:31
29/11/2024 2:31,2024004,5001,un0000000000002155,FALSE,4,WATER PUMP SPEED CONTROL - CALCULATE Water Pump Speed - REDUCE Water Pump Speed If Water Flowrate is HIGH or UV Dose Can NOT Be Achieved,INFO,29/11/2024 2:31
29/11/2024 2:31,2024004,5001,un0000000000002155,FALSE,4,WATER PUMP SPEED CONTROL - CALCULATE Water Pump Speed - REDUCE Water Pump Speed If Water Flowrate is HIGH or UV Dose Can NOT Be Achieved,INFO,29/11/2024 2:31
29/11/2024 2:31,2024004,5002,un0000000000002155,FALSE,4,WATER PUMP SPEED CONTROL - CALCULATE Water Pump Speed - INCREASE Water Pump Speed If Water Flowrate is LOW,INFO,29/11/2024 2:31
29/11/2024 2:31,2024004,5001,un0000000000002155,FALSE,4,WATER PUMP SPEED CONTROL - CALCULATE Water Pump Speed - REDUCE Water Pump Speed If Water Flowrate is HIGH or UV Dose Can NOT Be Achieved,INFO,29/11/2024 2:31
29/11/2024 2:31,2024004,5002,un0000000000002155,FALSE,4,WATER PUMP SPEED CONTROL - CALCULATE Water Pump Speed - INCREASE Water Pump Speed If Water Flowrate is LOW,INFO,29/11/2024 2:31
29/11/2024 2:32,2024004,5001,un0000000000002155,FALSE,4,WATER PUMP SPEED CONTROL - CALCULATE Water Pump Speed - REDUCE Water Pump Speed If Water Flowrate is HIGH or UV Dose Can NOT Be Achieved,INFO,29/11/2024 2:32
29/11/2024 2:32,2024004,5002,un0000000000002155,FALSE,4,WATER PUMP SPEED CONTROL - CALCULATE Water Pump Speed - INCREASE Water Pump Speed If Water Flowrate is LOW,INFO,29/11/2024 2:32
29/11/2024 2:32,2024004,5001,un0000000000002155,FALSE,4,WATER PUMP SPEED CONTROL - CALCULATE Water Pump Speed - REDUCE Water Pump Speed If Water Flowrate is HIGH or UV Dose Can NOT Be Achieved,INFO,29/11/2024 2:32
29/11/2024 2:32,2024004,5002,un0000000000002155,FALSE,4,WATER PUMP SPEED CONTROL - CALCULATE Water Pump Speed - INCREASE Water Pump Speed If Water Flowrate is LOW,INFO,29/11/2024 2:32
29/11/2024 2:41,2024004,2000,un0000000000002155,FALSE,4,Received the command for initializationstate,INFO,29/11/2024 2:41
29/11/2024 2:42,2024004,Execute Potable Water Production Automatically,un0000000000002155,FALSE,4,AUTOMATIC TRANSITION - Production State,INFO,29/11/2024 2:42
29/11/2024 2:47,2024004,5002,un0000000000002155,FALSE,4,WATER PUMP SPEED CONTROL - CALCULATE Water Pump Speed - INCREASE Water Pump Speed If Water Flowrate is LOW,INFO,29/11/2024 2:47
29/11/2024 2:47,2024004,5002,un0000000000002155,FALSE,4,WATER PUMP SPEED CONTROL - CALCULATE Water Pump Speed - INCREASE Water Pump Speed If Water Flowrate is LOW,INFO,29/11/2024 2:47
29/11/2024 2:47,2024004,5001,un0000000000002155,FALSE,4,WATER PUMP SPEED CONTROL - CALCULATE Water Pump Speed - REDUCE Water Pump Speed If Water Flowrate is HIGH or UV Dose Can NOT Be Achieved,INFO,29/11/2024 2:47
29/11/2024 2:48,2024004,5001,un0000000000002155,FALSE,4,WATER PUMP SPEED CONTROL - CALCULATE Water Pump Speed - REDUCE Water Pump Speed If Water Flowrate is HIGH or UV Dose Can NOT Be Achieved,INFO,29/11/2024 2:48
29/11/2024 2:48,2024004,5002,un0000000000002155,FALSE,4,WATER PUMP SPEED CONTROL - CALCULATE Water Pump Speed - INCREASE Water Pump Speed If Water Flowrate is LOW,INFO,29/11/2024 2:48
29/11/2024 2:48,2024004,5002,un0000000000002155,FALSE,4,WATER PUMP SPEED CONTROL - CALCULATE Water Pump Speed - INCREASE Water Pump Speed If Water Flowrate is LOW,INFO,29/11/2024 2:48
29/11/2024 2:48,2024004,5002,un0000000000002155,FALSE,4,WATER PUMP SPEED CONTROL - CALCULATE Water Pump Speed - INCREASE Water Pump Speed If Water Flowrate is LOW,INFO,29/11/2024 2:48
29/11/2024 2:49,2024004,5001,un0000000000002155,FALSE,4,WATER PUMP SPEED CONTROL - CALCULATE Water Pump Speed - REDUCE Water Pump Speed If Water Flowrate is HIGH or UV Dose Can NOT Be Achieved,INFO,29/11/2024 2:49
29/11/2024 2:49,2024004,5001,un0000000000002155,FALSE,4,WATER PUMP SPEED CONTROL - CALCULATE Water Pump Speed - REDUCE Water Pump Speed If Water Flowrate is HIGH or UV Dose Can NOT Be Achieved,INFO,29/11/2024 2:49
29/11/2024 2:49,2024004,5002,un0000000000002155,FALSE,4,WATER PUMP SPEED CONTROL - CALCULATE Water Pump Speed - INCREASE Water Pump Speed If Water Flowrate is LOW,INFO,29/11/2024 2:49
29/11/2024 2:50,2024004,5002,un0000000000002155,FALSE,4,WATER PUMP SPEED CONTROL - CALCULATE Water Pump Speed - INCREASE Water Pump Speed If Water Flowrate is LOW,INFO,29/11/2024 2:50
29/11/2024 2:50,2024004,5001,un0000000000002155,FALSE,4,WATER PUMP SPEED CONTROL - CALCULATE Water Pump Speed - REDUCE Water Pump Speed If Water Flowrate is HIGH or UV Dose Can NOT Be Achieved,INFO,29/11/2024 2:50
29/11/2024 2:50,2024004,5001,un0000000000002155,FALSE,4,WATER PUMP SPEED CONTROL - CALCULATE Water Pump Speed - REDUCE Water Pump Speed If Water Flowrate is HIGH or UV Dose Can NOT Be Achieved,INFO,29/11/2024 2:50
29/11/2024 2:50,2024004,5001,un0000000000002155,FALSE,4,WATER PUMP SPEED CONTROL - CALCULATE Water Pump Speed - REDUCE Water Pump Speed If Water Flowrate is HIGH or UV Dose Can NOT Be Achieved,INFO,29/11/2024 2:50
29/11/2024 2:51,2024004,5002,un0000000000002155,FALSE,4,WATER PUMP SPEED CONTROL - CALCULATE Water Pump Speed - INCREASE Water Pump Speed If Water Flowrate is LOW,INFO,29/11/2024 2:51
29/11/2024 2:51,2024004,,un0000000000002155,FALSE,4,Received the command for stopstate,INFO,29/11/2024 2:51
29/11/2024 2:54,2024004,Execute Potable Water Production Automatically,un0000000000002155,FALSE,4,AUTOMATIC TRANSITION - Production State,INFO,29/11/2024 2:54
29/11/2024 4:27,2024004,,un0000000000002155,FALSE,4,Received the command for stopstate,INFO,29/11/2024 4:27
2/12/2024 3:34,2024004,4043,un0000000000002155,FALSE,4,"MEMBRANE DIRECT INTEGRITY (DIT) TEST -  Complete DIT, If The Maximum Allowed Time Without A DIT Has Been Exceeded",INFO,2/12/2024 3:34
2/12/2024 3:54,2024004,Execute Potable Water Production - Operation Mode: Volume,un0000000000002155,FALSE,4,AUTOMATIC TRANSITION - Production State - Continue Potable Water Production,INFO,2/12/2024 3:54
2/12/2024 4:20,2024004,2000,un0000000000002155,FALSE,4,Received the command for initializationstate,INFO,2/12/2024 4:20
2/12/2024 4:21,2024004,Execute Potable Water Production - Operation Mode: Volume,un0000000000002155,FALSE,4,AUTOMATIC TRANSITION - Production State - Continue Potable Water Production,INFO,2/12/2024 4:21
2/12/2024 4:35,2024004,Execute Potable Water Production Automatically,un0000000000002155,FALSE,4,AUTOMATIC TRANSITION - Production State,INFO,2/12/2024 4:35
2/12/2024 5:22,2024004,Execute Membrane Air Scour - Time Triggered,un0000000000002155,FALSE,4,CLEAN IN PLACE TRIGGER - Transition to Membrane Air Scour State - IF Cleaning In-Place Cycle Trigger Mode Is Set To TIME,INFO,2/12/2024 5:22
2/12/2024 5:22,2024004,Execute Membrane Air Scour - Time Triggered,un0000000000002155,FALSE,4,CLEAN IN PLACE TRIGGER - Transition to Membrane Air Scour State - IF Cleaning In-Place Cycle Trigger Mode Is Set To TIME,INFO,2/12/2024 5:22
2/12/2024 5:35,2024004,Execute Membrane Post Clean Permeability Test,un0000000000002155,FALSE,4,"MEMBRANE CLEANING - TEST Membrane Flux Profile, Post Membrane Air Scouring And/Or Membrane Maintenance Clean",INFO,2/12/2024 5:35
2/12/2024 5:44,2024004,Membrane Post Clean Permeability Test PASSED,un0000000000002155,FALSE,4,STOP Membrane Flux Profile Test - Test PASSED,INFO,2/12/2024 5:44
2/12/2024 5:47,2024004,Execute Potable Water Production - Operation Mode: Volume,un0000000000002155,FALSE,4,AUTOMATIC TRANSITION - Production State - Continue Potable Water Production,INFO,2/12/2024 5:47
2/12/2024 6:00,2024004,Execute Pre Filter Flush Clean - Time Triggered,un0000000000002155,FALSE,4,CLEAN IN PLACE TRIGGER - Transition to Pre-Filter Flush Clean State - IF Cleaning In-Place Cycle Trigger Mode Is Set To TIME,INFO,2/12/2024 6:00
2/12/2024 6:01,2024004,Execute Pre Filter Flush Clean - Time Triggered,un0000000000002155,FALSE,4,CLEAN IN PLACE TRIGGER - Transition to Pre-Filter Flush Clean State - IF Cleaning In-Place Cycle Trigger Mode Is Set To TIME,INFO,2/12/2024 6:01
2/12/2024 6:10,2024004,Execute Potable Water Production - Operation Mode: Volume,un0000000000002155,FALSE,4,AUTOMATIC TRANSITION - Production State - Continue Potable Water Production,INFO,2/12/2024 6:10
2/12/2024 6:37,2024004,4001,un0000000000002155,FALSE,4,STOP Clean-In-Place (CIP) Water Tank Fill - If Poison Timer Has Ended  - Transition to Tag Out State,INFO,2/12/2024 6:37
2/12/2024 6:37,2024004,4001,un0000000000002155,FALSE,4,STOP Clean-In-Place (CIP) Water Tank Fill - If Poison Timer Has Ended  - Transition to Tag Out State,INFO,2/12/2024 6:37
2/12/2024 6:54,2024004,2000,un0000000000002155,FALSE,4,Received the command for initializationstate,INFO,2/12/2024 6:54
2/12/2024 6:56,2024004,Execute Potable Water Production - Operation Mode: Volume,un0000000000002155,FALSE,4,AUTOMATIC TRANSITION - Production State - Continue Potable Water Production,INFO,2/12/2024 6:56
2/12/2024 7:10,2024004,,un0000000000002155,FALSE,4,Received the command for stopstate,INFO,2/12/2024 7:10
2/12/2024 7:11,2024004,,un0000000000002155,FALSE,4,Received the command for stopstate,INFO,2/12/2024 7:11
2/12/2024 7:11,2024004,,un0000000000002155,FALSE,4,Received the command for stopstate,INFO,2/12/2024 7:11
2/12/2024 7:11,2024004,,un0000000000002155,FALSE,4,Received the command for stopstate,INFO,2/12/2024 7:11
2/12/2024 7:11,2024004,,un0000000000002155,FALSE,4,Received the command for stopstate,INFO,2/12/2024 7:11
2/12/2024 7:12,2024004,1,un0000000000002155,FALSE,4,Initiating safe device shutdown,INFO,2/12/2024 7:12
2/12/2024 7:12,2024004,,un0000000000002155,FALSE,4,Received the command for stopstate,INFO,2/12/2024 7:12
2/12/2024 7:12,2024004,1,un0000000000002155,FALSE,4,Initiating safe device shutdown,INFO,2/12/2024 7:12
2/12/2024 7:12,2024004,,un0000000000002155,FALSE,4,Received the command for stopstate,INFO,2/12/2024 7:12
2/12/2024 7:12,2024004,1,un0000000000002155,FALSE,4,Initiating safe device shutdown,INFO,2/12/2024 7:12
2/12/2024 7:12,2024004,1,un0000000000002155,FALSE,4,Initiating safe device shutdown,INFO,2/12/2024 7:12
2/12/2024 7:12,2024004,,un0000000000002155,FALSE,4,Received the command for stopstate,INFO,2/12/2024 7:12
2/12/2024 7:12,2024004,1,un0000000000002155,FALSE,4,Initiating safe device shutdown,INFO,2/12/2024 7:12
2/12/2024 7:12,2024004,1,un0000000000002155,FALSE,4,Initiating safe device shutdown,INFO,2/12/2024 7:12
2/12/2024 7:12,2024004,,un0000000000002155,FALSE,4,Received the command for stopstate,INFO,2/12/2024 7:12
2/12/2024 7:12,2024004,1,un0000000000002155,FALSE,4,Initiating safe device shutdown,INFO,2/12/2024 7:12
2/12/2024 23:23,2024004,1,un0000000000002155,FALSE,4,Initiating safe device shutdown,INFO,2/12/2024
2/12/2024 23:23,2024004,,un0000000000002155,FALSE,4,Received the command for stopstate,INFO,2/12/2024
2/12/2024 23:23,2024004,1,un0000000000002155,FALSE,4,Initiating safe device shutdown,INFO,2/12/2024
2/12/2024 23:23,2024004,2000,un0000000000002155,FALSE,4,Received the command for initializationstate,INFO,2/12/2024
2/12/2024 23:24,2024004,2000,un0000000000002155,FALSE,4,Received the command for initializationstate,INFO,2/12/2024
2/12/2024 23:29,2024004,Execute Potable Water Production - Operation Mode: Volume,un0000000000002155,FALSE,4,AUTOMATIC TRANSITION - Production State - Continue Potable Water Production,INFO,2/12/2024
3/12/2024 1:01,2024004,Execute Potable Water Production Automatically,un0000000000002155,FALSE,4,AUTOMATIC TRANSITION - Production State,INFO,3/12/2024 1:01
3/12/2024 2:02,2024004,Execute Membrane Air Scour - Time Triggered,un0000000000002155,FALSE,4,CLEAN IN PLACE TRIGGER - Transition to Membrane Air Scour State - IF Cleaning In-Place Cycle Trigger Mode Is Set To TIME,INFO,3/12/2024 2:02
3/12/2024 2:03,2024004,Execute Membrane Air Scour - Time Triggered,un0000000000002155,FALSE,4,CLEAN IN PLACE TRIGGER - Transition to Membrane Air Scour State - IF Cleaning In-Place Cycle Trigger Mode Is Set To TIME,INFO,3/12/2024 2:03
3/12/2024 2:16,2024004,Execute Membrane Post Clean Permeability Test,un0000000000002155,FALSE,4,"MEMBRANE CLEANING - TEST Membrane Flux Profile, Post Membrane Air Scouring And/Or Membrane Maintenance Clean",INFO,3/12/2024 2:16
3/12/2024 2:23,2024004,Membrane Post Clean Permeability Test PASSED,un0000000000002155,FALSE,4,STOP Membrane Flux Profile Test - Test PASSED,INFO,3/12/2024 2:23
3/12/2024 2:24,2024004,Execute Potable Water Production - Operation Mode: Volume,un0000000000002155,FALSE,4,AUTOMATIC TRANSITION - Production State - Continue Potable Water Production,INFO,3/12/2024 2:24
3/12/2024 2:38,2024004,Execute Pre Filter Flush Clean - Time Triggered,un0000000000002155,FALSE,4,CLEAN IN PLACE TRIGGER - Transition to Pre-Filter Flush Clean State - IF Cleaning In-Place Cycle Trigger Mode Is Set To TIME,INFO,3/12/2024 2:38
3/12/2024 2:39,2024004,Execute Pre Filter Flush Clean - Time Triggered,un0000000000002155,FALSE,4,CLEAN IN PLACE TRIGGER - Transition to Pre-Filter Flush Clean State - IF Cleaning In-Place Cycle Trigger Mode Is Set To TIME,INFO,3/12/2024 2:39
3/12/2024 2:48,2024004,Execute Potable Water Production - Operation Mode: Volume,un0000000000002155,FALSE,4,AUTOMATIC TRANSITION - Production State - Continue Potable Water Production,INFO,3/12/2024 2:48
3/12/2024 3:49,2024004,4043,un0000000000002155,FALSE,4,"MEMBRANE DIRECT INTEGRITY (DIT) TEST -  Complete DIT, If The Maximum Allowed Time Without A DIT Has Been Exceeded",INFO,3/12/2024 3:49
3/12/2024 3:49,2024004,4043,un0000000000002155,FALSE,4,"MEMBRANE DIRECT INTEGRITY (DIT) TEST -  Complete DIT, If The Maximum Allowed Time Without A DIT Has Been Exceeded",INFO,3/12/2024 3:49
3/12/2024 4:09,2024004,Execute Potable Water Production - Operation Mode: Volume,un0000000000002155,FALSE,4,AUTOMATIC TRANSITION - Production State - Continue Potable Water Production,INFO,3/12/2024 4:09
3/12/2024 4:33,2024004,Execute Potable Water Production Automatically,un0000000000002155,FALSE,4,AUTOMATIC TRANSITION - Production State,INFO,3/12/2024 4:33
3/12/2024 5:08,2024004,Execute Potable Water Production - Operation Mode: Volume,un0000000000002155,FALSE,4,AUTOMATIC TRANSITION - Production State - Continue Potable Water Production,INFO,3/12/2024 5:08
3/12/2024 6:02,2024004,Execute Membrane Air Scour - Time Triggered,un0000000000002155,FALSE,4,CLEAN IN PLACE TRIGGER - Transition to Membrane Air Scour State - IF Cleaning In-Place Cycle Trigger Mode Is Set To TIME,INFO,3/12/2024 6:02
3/12/2024 6:03,2024004,Execute Membrane Air Scour - Time Triggered,un0000000000002155,FALSE,4,CLEAN IN PLACE TRIGGER - Transition to Membrane Air Scour State - IF Cleaning In-Place Cycle Trigger Mode Is Set To TIME,INFO,3/12/2024 6:03
3/12/2024 6:15,2024004,Execute Membrane Post Clean Permeability Test,un0000000000002155,FALSE,4,"MEMBRANE CLEANING - TEST Membrane Flux Profile, Post Membrane Air Scouring And/Or Membrane Maintenance Clean",INFO,3/12/2024 6:15
3/12/2024 6:22,2024004,Membrane Post Clean Permeability Test PASSED,un0000000000002155,FALSE,4,STOP Membrane Flux Profile Test - Test PASSED,INFO,3/12/2024 6:22
3/12/2024 6:24,2024004,Execute Potable Water Production - Operation Mode: Volume,un0000000000002155,FALSE,4,AUTOMATIC TRANSITION - Production State - Continue Potable Water Production,INFO,3/12/2024 6:24
3/12/2024 7:07,2024004,,un0000000000002155,FALSE,4,Received the command for stopstate,INFO,3/12/2024 7:07
5/12/2024 1:14,2024004,2000,un0000000000002155,FALSE,4,Received the command for initializationstate,INFO,5/12/2024 1:14
5/12/2024 1:15,2024004,4043,un0000000000002155,FALSE,4,"MEMBRANE DIRECT INTEGRITY (DIT) TEST -  Complete DIT, If The Maximum Allowed Time Without A DIT Has Been Exceeded",INFO,5/12/2024 1:15
5/12/2024 1:22,2024004,4066,un0000000000002155,FALSE,4,Automatic Transition To Wait State - IF System Water Input Pressure Is Within The Acceptable Operational Limits,INFO,5/12/2024 1:22
5/12/2024 1:23,2024004,Execute Membrane Direct Integrity Test (DIT)  - Last Run Interrupted/Was Not Completed In Its Entirety,un0000000000002155,FALSE,4,MEMBRANE DIRECT INTEGRITY (DIT) TEST - RETURN To Membrane Direct Integrity Testing (DIT) If LAST DIT Was Interrupted/Was Not Completed In Its Entirety,INFO,5/12/2024 1:23
5/12/2024 1:40,2024004,,un0000000000002155,FALSE,4,Received the command for stopstate,INFO,5/12/2024 1:40
5/12/2024 1:42,2024004,2000,un0000000000002155,FALSE,4,Received the command for initializationstate,INFO,5/12/2024 1:42
5/12/2024 1:44,2024004,Execute Membrane Fill,un0000000000002155,FALSE,4,GENERAL SYSTEM - FILL Membrane Feed & Filtrate Sides With Water,INFO,5/12/2024 1:44
5/12/2024 1:50,2024004,Execute Potable Water Production - Operation Mode: Volume,un0000000000002155,FALSE,4,AUTOMATIC TRANSITION - Production State - Continue Potable Water Production,INFO,5/12/2024 1:50
5/12/2024 2:04,2024004,Execute Pre Filter Flush Clean - Time Triggered,un0000000000002155,FALSE,4,CLEAN IN PLACE TRIGGER - Transition to Pre-Filter Flush Clean State - IF Cleaning In-Place Cycle Trigger Mode Is Set To TIME,INFO,5/12/2024 2:04
5/12/2024 2:04,2024004,Execute Pre Filter Flush Clean - Time Triggered,un0000000000002155,FALSE,4,CLEAN IN PLACE TRIGGER - Transition to Pre-Filter Flush Clean State - IF Cleaning In-Place Cycle Trigger Mode Is Set To TIME,INFO,5/12/2024 2:04
5/12/2024 2:14,2024004,Execute Potable Water Production - Operation Mode: Volume,un0000000000002155,FALSE,4,AUTOMATIC TRANSITION - Production State - Continue Potable Water Production,INFO,5/12/2024 2:14
5/12/2024 3:12,2024004,Execute Potable Water Production Automatically,un0000000000002155,FALSE,4,AUTOMATIC TRANSITION - Production State,INFO,5/12/2024 3:12
6/12/2024 1:31,2024004,,un0000000000002155,FALSE,4,Received the command for stopstate,INFO,6/12/2024 1:31
6/12/2024 1:32,2024004,2000,un0000000000002155,FALSE,4,Received the command for initializationstate,INFO,6/12/2024 1:32
6/12/2024 1:33,2024004,Execute Potable Water Production - Operation Mode: Volume,un0000000000002155,FALSE,4,AUTOMATIC TRANSITION - Production State - Continue Potable Water Production,INFO,6/12/2024 1:33
6/12/2024 1:39,2024004,4043,un0000000000002155,FALSE,4,"MEMBRANE DIRECT INTEGRITY (DIT) TEST -  Complete DIT, If The Maximum Allowed Time Without A DIT Has Been Exceeded",INFO,6/12/2024 1:39
6/12/2024 1:39,2024004,4043,un0000000000002155,FALSE,4,"MEMBRANE DIRECT INTEGRITY (DIT) TEST -  Complete DIT, If The Maximum Allowed Time Without A DIT Has Been Exceeded",INFO,6/12/2024 1:39
6/12/2024 1:59,2024004,Execute Potable Water Production - Operation Mode: Volume,un0000000000002155,FALSE,4,AUTOMATIC TRANSITION - Production State - Continue Potable Water Production,INFO,6/12/2024 1:59
6/12/2024 2:07,2024004,,un0000000000002155,FALSE,4,Received the command for stopstate,INFO,6/12/2024 2:07
6/12/2024 2:11,2024004,Execute Potable Water Production - Operation Mode: Volume,un0000000000002155,FALSE,4,AUTOMATIC TRANSITION - Production State - Continue Potable Water Production,INFO,6/12/2024 2:11
6/12/2024 2:15,2024004,,un0000000000002155,FALSE,4,Received the command for stopstate,INFO,6/12/2024 2:15
6/12/2024 2:24,2024004,2000,un0000000000002155,FALSE,4,Received the command for initializationstate,INFO,6/12/2024 2:24
6/12/2024 2:26,2024004,Execute Potable Water Production - Operation Mode: Volume,un0000000000002155,FALSE,4,AUTOMATIC TRANSITION - Production State - Continue Potable Water Production,INFO,6/12/2024 2:26
6/12/2024 3:02,2024004,Execute Membrane Air Scour - Time Triggered,un0000000000002155,FALSE,4,CLEAN IN PLACE TRIGGER - Transition to Membrane Air Scour State - IF Cleaning In-Place Cycle Trigger Mode Is Set To TIME,INFO,6/12/2024 3:02
6/12/2024 3:02,2024004,Execute Membrane Air Scour - Time Triggered,un0000000000002155,FALSE,4,CLEAN IN PLACE TRIGGER - Transition to Membrane Air Scour State - IF Cleaning In-Place Cycle Trigger Mode Is Set To TIME,INFO,6/12/2024 3:02
6/12/2024 3:15,2024004,Execute Membrane Post Clean Permeability Test,un0000000000002155,FALSE,4,"MEMBRANE CLEANING - TEST Membrane Flux Profile, Post Membrane Air Scouring And/Or Membrane Maintenance Clean",INFO,6/12/2024 3:15
6/12/2024 3:20,2024004,Membrane Post Clean Permeability Test PASSED,un0000000000002155,FALSE,4,STOP Membrane Flux Profile Test - Test PASSED,INFO,6/12/2024 3:20
6/12/2024 3:21,2024004,Execute Potable Water Production - Operation Mode: Volume,un0000000000002155,FALSE,4,AUTOMATIC TRANSITION - Production State - Continue Potable Water Production,INFO,6/12/2024 3:21
6/12/2024 3:35,2024004,Execute Pre Filter Flush Clean - Time Triggered,un0000000000002155,FALSE,4,CLEAN IN PLACE TRIGGER - Transition to Pre-Filter Flush Clean State - IF Cleaning In-Place Cycle Trigger Mode Is Set To TIME,INFO,6/12/2024 3:35
6/12/2024 3:36,2024004,Execute Pre Filter Flush Clean - Time Triggered,un0000000000002155,FALSE,4,CLEAN IN PLACE TRIGGER - Transition to Pre-Filter Flush Clean State - IF Cleaning In-Place Cycle Trigger Mode Is Set To TIME,INFO,6/12/2024 3:36
6/12/2024 3:45,2024004,Execute Potable Water Production - Operation Mode: Volume,un0000000000002155,FALSE,4,AUTOMATIC TRANSITION - Production State - Continue Potable Water Production,INFO,6/12/2024 3:45
6/12/2024 4:24,2024004,Execute Potable Water Production Automatically,un0000000000002155,FALSE,4,AUTOMATIC TRANSITION - Production State,INFO,6/12/2024 4:24
6/12/2024 6:14,2024004,,un0000000000002155,FALSE,4,Received the command for stopstate,INFO,6/12/2024 6:14
6/12/2024 6:15,2024004,1,un0000000000002155,FALSE,4,Initiating safe device shutdown,INFO,6/12/2024 6:15
6/12/2024 6:15,2024004,,un0000000000002155,FALSE,4,Received the command for stopstate,INFO,6/12/2024 6:15
6/12/2024 6:15,2024004,1,un0000000000002155,FALSE,4,Initiating safe device shutdown,INFO,6/12/2024 6:15
6/12/2024 6:16,2024004,,un0000000000002155,FALSE,4,Received the command for stopstate,INFO,6/12/2024 6:16
6/12/2024 6:16,2024004,1,un0000000000002155,FALSE,4,Initiating safe device shutdown,INFO,6/12/2024 6:16
6/12/2024 6:16,2024004,1,un0000000000002155,FALSE,4,Initiating safe device shutdown,INFO,6/12/2024 6:16
6/12/2024 6:16,2024004,1,un0000000000002155,FALSE,4,Initiating safe device shutdown,INFO,6/12/2024 6:16
6/12/2024 6:16,2024004,1,un0000000000002155,FALSE,4,Initiating safe device shutdown,INFO,6/12/2024 6:16
6/12/2024 6:16,2024004,1,un0000000000002155,FALSE,4,Initiating safe device shutdown,INFO,6/12/2024 6:16
6/12/2024 6:16,2024004,1,un0000000000002155,FALSE,4,Initiating safe device shutdown,INFO,6/12/2024 6:16
6/12/2024 6:16,2024004,1,un0000000000002155,FALSE,4,Initiating safe device shutdown,INFO,6/12/2024 6:16
6/12/2024 6:16,2024004,1,un0000000000002155,FALSE,4,Initiating safe device shutdown,INFO,6/12/2024 6:16
6/12/2024 6:16,2024004,1,un0000000000002155,FALSE,4,Initiating safe device shutdown,INFO,6/12/2024 6:16
6/12/2024 6:16,2024004,1,un0000000000002155,FALSE,4,Initiating safe device shutdown,INFO,6/12/2024 6:16
6/12/2024 6:16,2024004,1,un0000000000002155,FALSE,4,Initiating safe device shutdown,INFO,6/12/2024 6:16
6/12/2024 6:16,2024004,1,un0000000000002155,FALSE,4,Initiating safe device shutdown,INFO,6/12/2024 6:16
6/12/2024 6:17,2024004,1,un0000000000002155,FALSE,4,Initiating safe device shutdown,INFO,6/12/2024 6:17
6/12/2024 6:17,2024004,1,un0000000000002155,FALSE,4,Initiating safe device shutdown,INFO,6/12/2024 6:17
6/12/2024 6:17,2024004,1,un0000000000002155,FALSE,4,Initiating safe device shutdown,INFO,6/12/2024 6:17
6/12/2024 6:17,2024004,1,un0000000000002155,FALSE,4,Initiating safe device shutdown,INFO,6/12/2024 6:17
6/12/2024 6:17,2024004,1,un0000000000002155,FALSE,4,Initiating safe device shutdown,INFO,6/12/2024 6:17
6/12/2024 6:17,2024004,1,un0000000000002155,FALSE,4,Initiating safe device shutdown,INFO,6/12/2024 6:17
6/12/2024 6:17,2024004,1,un0000000000002155,FALSE,4,Initiating safe device shutdown,INFO,6/12/2024 6:17
6/12/2024 6:17,2024004,1,un0000000000002155,FALSE,4,Initiating safe device shutdown,INFO,6/12/2024 6:17
6/12/2024 6:17,2024004,1,un0000000000002155,FALSE,4,Initiating safe device shutdown,INFO,6/12/2024 6:17
6/12/2024 6:17,2024004,1,un0000000000002155,FALSE,4,Initiating safe device shutdown,INFO,6/12/2024 6:17
6/12/2024 6:17,2024004,1,un0000000000002155,FALSE,4,Initiating safe device shutdown,INFO,6/12/2024 6:17
6/12/2024 6:17,2024004,1,un0000000000002155,FALSE,4,Initiating safe device shutdown,INFO,6/12/2024 6:17
6/12/2024 6:18,2024004,1,un0000000000002155,FALSE,4,Initiating safe device shutdown,INFO,6/12/2024 6:18
6/12/2024 6:18,2024004,1,un0000000000002155,FALSE,4,Initiating safe device shutdown,INFO,6/12/2024 6:18
6/12/2024 6:18,2024004,1,un0000000000002155,FALSE,4,Initiating safe device shutdown,INFO,6/12/2024 6:18
6/12/2024 6:18,2024004,1,un0000000000002155,FALSE,4,Initiating safe device shutdown,INFO,6/12/2024 6:18
6/12/2024 6:18,2024004,1,un0000000000002155,FALSE,4,Initiating safe device shutdown,INFO,6/12/2024 6:18
6/12/2024 6:18,2024004,1,un0000000000002155,FALSE,4,Initiating safe device shutdown,INFO,6/12/2024 6:18
6/12/2024 6:18,2024004,1,un0000000000002155,FALSE,4,Initiating safe device shutdown,INFO,6/12/2024 6:18
6/12/2024 6:18,2024004,1,un0000000000002155,FALSE,4,Initiating safe device shutdown,INFO,6/12/2024 6:18
6/12/2024 6:18,2024004,1,un0000000000002155,FALSE,4,Initiating safe device shutdown,INFO,6/12/2024 6:18
6/12/2024 6:18,2024004,1,un0000000000002155,FALSE,4,Initiating safe device shutdown,INFO,6/12/2024 6:18
6/12/2024 6:18,2024004,1,un0000000000002155,FALSE,4,Initiating safe device shutdown,INFO,6/12/2024 6:18
9/12/2024 3:25,2024004,2000,un0000000000002155,FALSE,4,Received the command for initializationstate,INFO,9/12/2024 3:25
9/12/2024 3:27,2024004,4043,un0000000000002155,FALSE,4,"MEMBRANE DIRECT INTEGRITY (DIT) TEST -  Complete DIT, If The Maximum Allowed Time Without A DIT Has Been Exceeded",INFO,9/12/2024 3:27
9/12/2024 3:47,2024004,Execute Potable Water Production - Operation Mode: Volume,un0000000000002155,FALSE,4,AUTOMATIC TRANSITION - Production State - Continue Potable Water Production,INFO,9/12/2024 3:47
9/12/2024 4:00,2024004,Execute Potable Water Production Automatically,un0000000000002155,FALSE,4,AUTOMATIC TRANSITION - Production State,INFO,9/12/2024 4:00
9/12/2024 4:11,2024004,Execute Membrane Air Scour - Time Triggered,un0000000000002155,FALSE,4,CLEAN IN PLACE TRIGGER - Transition to Membrane Air Scour State - IF Cleaning In-Place Cycle Trigger Mode Is Set To TIME,INFO,9/12/2024 4:11
9/12/2024 4:12,2024004,Execute Membrane Air Scour - Time Triggered,un0000000000002155,FALSE,4,CLEAN IN PLACE TRIGGER - Transition to Membrane Air Scour State - IF Cleaning In-Place Cycle Trigger Mode Is Set To TIME,INFO,9/12/2024 4:12
9/12/2024 4:24,2024004,Execute Membrane Post Clean Permeability Test,un0000000000002155,FALSE,4,"MEMBRANE CLEANING - TEST Membrane Flux Profile, Post Membrane Air Scouring And/Or Membrane Maintenance Clean",INFO,9/12/2024 4:24
9/12/2024 4:30,2024004,Membrane Post Clean Permeability Test PASSED,un0000000000002155,FALSE,4,STOP Membrane Flux Profile Test - Test PASSED,INFO,9/12/2024 4:30
9/12/2024 4:32,2024004,Execute Potable Water Production - Operation Mode: Volume,un0000000000002155,FALSE,4,AUTOMATIC TRANSITION - Production State - Continue Potable Water Production,INFO,9/12/2024 4:32
9/12/2024 4:46,2024004,Execute Pre Filter Flush Clean - Time Triggered,un0000000000002155,FALSE,4,CLEAN IN PLACE TRIGGER - Transition to Pre-Filter Flush Clean State - IF Cleaning In-Place Cycle Trigger Mode Is Set To TIME,INFO,9/12/2024 4:46
9/12/2024 4:46,2024004,Execute Pre Filter Flush Clean - Time Triggered,un0000000000002155,FALSE,4,CLEAN IN PLACE TRIGGER - Transition to Pre-Filter Flush Clean State - IF Cleaning In-Place Cycle Trigger Mode Is Set To TIME,INFO,9/12/2024 4:46
9/12/2024 4:56,2024004,Execute Potable Water Production - Operation Mode: Volume,un0000000000002155,FALSE,4,AUTOMATIC TRANSITION - Production State - Continue Potable Water Production,INFO,9/12/2024 4:56
9/12/2024 6:50,2024004,,un0000000000002155,FALSE,4,Received the command for stopstate,INFO,9/12/2024 6:50
9/12/2024 6:52,2024004,,un0000000000002155,FALSE,4,Received the command for stopstate,INFO,9/12/2024 6:52
9/12/2024 7:02,2024004,1,un0000000000002155,FALSE,4,Initiating safe device shutdown,INFO,9/12/2024 7:02
9/12/2024 7:02,2024004,,un0000000000002155,FALSE,4,Received the command for stopstate,INFO,9/12/2024 7:02
9/12/2024 7:02,2024004,1,un0000000000002155,FALSE,4,Initiating safe device shutdown,INFO,9/12/2024 7:02
9/12/2024 7:02,2024004,1,un0000000000002155,FALSE,4,Initiating safe device shutdown,INFO,9/12/2024 7:02
9/12/2024 7:03,2024004,1,un0000000000002155,FALSE,4,Initiating safe device shutdown,INFO,9/12/2024 7:03
9/12/2024 7:03,2024004,1,un0000000000002155,FALSE,4,Initiating safe device shutdown,INFO,9/12/2024 7:03
9/12/2024 7:03,2024004,1,un0000000000002155,FALSE,4,Initiating safe device shutdown,INFO,9/12/2024 7:03
9/12/2024 7:03,2024004,1,un0000000000002155,FALSE,4,Initiating safe device shutdown,INFO,9/12/2024 7:03
9/12/2024 7:03,2024004,1,un0000000000002155,FALSE,4,Initiating safe device shutdown,INFO,9/12/2024 7:03
9/12/2024 7:03,2024004,1,un0000000000002155,FALSE,4,Initiating safe device shutdown,INFO,9/12/2024 7:03
9/12/2024 7:03,2024004,1,un0000000000002155,FALSE,4,Initiating safe device shutdown,INFO,9/12/2024 7:03
9/12/2024 7:03,2024004,1,un0000000000002155,FALSE,4,Initiating safe device shutdown,INFO,9/12/2024 7:03
9/12/2024 7:03,2024004,1,un0000000000002155,FALSE,4,Initiating safe device shutdown,INFO,9/12/2024 7:03
10/12/2024 0:06,2024004,2000,un0000000000002155,FALSE,4,Received the command for initializationstate,INFO,10/12/2024 0:06
10/12/2024 0:51,2024004,Execute Potable Water Production - Operation Mode: Volume,un0000000000002155,FALSE,4,AUTOMATIC TRANSITION - Production State - Continue Potable Water Production,INFO,10/12/2024 0:51
10/12/2024 4:36,2024004,,un0000000000002155,FALSE,4,Received the command for stopstate,INFO,10/12/2024 4:36
10/12/2024 4:37,2024004,,un0000000000002155,FALSE,4,Received the command for stopstate,INFO,10/12/2024 4:37
10/12/2024 4:37,2024004,,un0000000000002155,FALSE,4,Received the command for stopstate,INFO,10/12/2024 4:37
10/12/2024 4:37,2024004,,un0000000000002155,FALSE,4,Received the command for stopstate,INFO,10/12/2024 4:37
10/12/2024 4:37,2024004,,un0000000000002155,FALSE,4,Received the command for stopstate,INFO,10/12/2024 4:37
10/12/2024 4:37,2024004,,un0000000000002155,FALSE,4,Received the command for stopstate,INFO,10/12/2024 4:37
10/12/2024 4:37,2024004,2000,un0000000000002155,FALSE,4,Received the command for initializationstate,INFO,10/12/2024 4:37
10/12/2024 4:38,2024004,2000,un0000000000002155,FALSE,4,Received the command for initializationstate,INFO,10/12/2024 4:38
10/12/2024 4:38,2024004,2000,un0000000000002155,FALSE,4,Received the command for initializationstate,INFO,10/12/2024 4:38
10/12/2024 4:40,2024004,2000,un0000000000002155,FALSE,4,Received the command for initializationstate,INFO,10/12/2024 4:40
10/12/2024 4:40,2024004,4043,un0000000000002155,FALSE,4,"MEMBRANE DIRECT INTEGRITY (DIT) TEST -  Complete DIT, If The Maximum Allowed Time Without A DIT Has Been Exceeded",INFO,10/12/2024 4:40
10/12/2024 5:01,2024004,Execute Potable Water Production - Operation Mode: Volume,un0000000000002155,FALSE,4,AUTOMATIC TRANSITION - Production State - Continue Potable Water Production,INFO,10/12/2024 5:01
10/12/2024 5:17,2024004,Execute Potable Water Production Automatically,un0000000000002155,FALSE,4,AUTOMATIC TRANSITION - Production State,INFO,10/12/2024 5:17
10/12/2024 5:44,2024004,Execute Membrane Air Scour - Time Triggered,un0000000000002155,FALSE,4,CLEAN IN PLACE TRIGGER - Transition to Membrane Air Scour State - IF Cleaning In-Place Cycle Trigger Mode Is Set To TIME,INFO,10/12/2024 5:44
10/12/2024 5:44,2024004,Execute Membrane Air Scour - Time Triggered,un0000000000002155,FALSE,4,CLEAN IN PLACE TRIGGER - Transition to Membrane Air Scour State - IF Cleaning In-Place Cycle Trigger Mode Is Set To TIME,INFO,10/12/2024 5:44
10/12/2024 5:57,2024004,Execute Membrane Post Clean Permeability Test,un0000000000002155,FALSE,4,"MEMBRANE CLEANING - TEST Membrane Flux Profile, Post Membrane Air Scouring And/Or Membrane Maintenance Clean",INFO,10/12/2024 5:57
10/12/2024 6:03,2024004,Membrane Post Clean Permeability Test PASSED,un0000000000002155,FALSE,4,STOP Membrane Flux Profile Test - Test PASSED,INFO,10/12/2024 6:03
10/12/2024 6:04,2024004,Execute Potable Water Production - Operation Mode: Volume,un0000000000002155,FALSE,4,AUTOMATIC TRANSITION - Production State - Continue Potable Water Production,INFO,10/12/2024 6:04
10/12/2024 6:18,2024004,Execute Pre Filter Flush Clean - Time Triggered,un0000000000002155,FALSE,4,CLEAN IN PLACE TRIGGER - Transition to Pre-Filter Flush Clean State - IF Cleaning In-Place Cycle Trigger Mode Is Set To TIME,INFO,10/12/2024 6:18
10/12/2024 6:18,2024004,Execute Pre Filter Flush Clean - Time Triggered,un0000000000002155,FALSE,4,CLEAN IN PLACE TRIGGER - Transition to Pre-Filter Flush Clean State - IF Cleaning In-Place Cycle Trigger Mode Is Set To TIME,INFO,10/12/2024 6:18
10/12/2024 6:28,2024004,Execute Potable Water Production - Operation Mode: Volume,un0000000000002155,FALSE,4,AUTOMATIC TRANSITION - Production State - Continue Potable Water Production,INFO,10/12/2024 6:28
10/12/2024 6:52,2024004,,un0000000000002155,FALSE,4,Received the command for stopstate,INFO,10/12/2024 6:52
10/12/2024 6:53,2024004,,un0000000000002155,FALSE,4,Received the command for stopstate,INFO,10/12/2024 6:53
10/12/2024 6:53,2024004,,un0000000000002155,FALSE,4,Received the command for stopstate,INFO,10/12/2024 6:53
10/12/2024 6:53,2024004,,un0000000000002155,FALSE,4,Received the command for stopstate,INFO,10/12/2024 6:53
10/12/2024 18:53,2024004,2000,un0000000000002155,FALSE,4,Received the command for initializationstate,INFO,10/12/2024
10/12/2024 18:54,2024004,Execute Potable Water Production - Operation Mode: Volume,un0000000000002155,FALSE,4,AUTOMATIC TRANSITION - Production State - Continue Potable Water Production,INFO,10/12/2024
10/12/2024 18:59,2024004,,un0000000000002155,FALSE,4,Received the command for stopstate,INFO,10/12/2024
10/12/2024 19:03,2024004,1,un0000000000002155,FALSE,4,Initiating safe device shutdown,INFO,10/12/2024
10/12/2024 19:03,2024004,,un0000000000002155,FALSE,4,Received the command for stopstate,INFO,10/12/2024
10/12/2024 19:03,2024004,1,un0000000000002155,FALSE,4,Initiating safe device shutdown,INFO,10/12/2024
10/12/2024 19:03,2024004,1,un0000000000002155,FALSE,4,Initiating safe device shutdown,INFO,10/12/2024
10/12/2024 19:03,2024004,1,un0000000000002155,FALSE,4,Initiating safe device shutdown,INFO,10/12/2024
10/12/2024 19:03,2024004,1,un0000000000002155,FALSE,4,Initiating safe device shutdown,INFO,10/12/2024
10/12/2024 19:03,2024004,1,un0000000000002155,FALSE,4,Initiating safe device shutdown,INFO,10/12/2024
10/12/2024 19:04,2024004,1,un0000000000002155,FALSE,4,Initiating safe device shutdown,INFO,10/12/2024
10/12/2024 19:04,2024004,1,un0000000000002155,FALSE,4,Initiating safe device shutdown,INFO,10/12/2024
10/12/2024 19:04,2024004,1,un0000000000002155,FALSE,4,Initiating safe device shutdown,INFO,10/12/2024
10/12/2024 19:04,2024004,1,un0000000000002155,FALSE,4,Initiating safe device shutdown,INFO,10/12/2024
10/12/2024 19:04,2024004,1,un0000000000002155,FALSE,4,Initiating safe device shutdown,INFO,10/12/2024
10/12/2024 19:04,2024004,1,un0000000000002155,FALSE,4,Initiating safe device shutdown,INFO,10/12/2024
10/12/2024 19:04,2024004,1,un0000000000002155,FALSE,4,Initiating safe device shutdown,INFO,10/12/2024
10/12/2024 19:04,2024004,1,un0000000000002155,FALSE,4,Initiating safe device shutdown,INFO,10/12/2024
10/12/2024 19:04,2024004,1,un0000000000002155,FALSE,4,Initiating safe device shutdown,INFO,10/12/2024
10/12/2024 19:04,2024004,1,un0000000000002155,FALSE,4,Initiating safe device shutdown,INFO,10/12/2024
10/12/2024 19:04,2024004,1,un0000000000002155,FALSE,4,Initiating safe device shutdown,INFO,10/12/2024
10/12/2024 19:04,2024004,1,un0000000000002155,FALSE,4,Initiating safe device shutdown,INFO,10/12/2024
10/12/2024 19:05,2024004,1,un0000000000002155,FALSE,4,Initiating safe device shutdown,INFO,10/12/2024
10/12/2024 19:05,2024004,1,un0000000000002155,FALSE,4,Initiating safe device shutdown,INFO,10/12/2024
10/12/2024 19:05,2024004,1,un0000000000002155,FALSE,4,Initiating safe device shutdown,INFO,10/12/2024
10/12/2024 19:05,2024004,1,un0000000000002155,FALSE,4,Initiating safe device shutdown,INFO,10/12/2024
10/12/2024 19:05,2024004,1,un0000000000002155,FALSE,4,Initiating safe device shutdown,INFO,10/12/2024
10/12/2024 19:05,2024004,1,un0000000000002155,FALSE,4,Initiating safe device shutdown,INFO,10/12/2024
10/12/2024 19:05,2024004,1,un0000000000002155,FALSE,4,Initiating safe device shutdown,INFO,10/12/2024
10/12/2024 19:05,2024004,1,un0000000000002155,FALSE,4,Initiating safe device shutdown,INFO,10/12/2024
10/12/2024 19:05,2024004,1,un0000000000002155,FALSE,4,Initiating safe device shutdown,INFO,10/12/2024
10/12/2024 19:05,2024004,1,un0000000000002155,FALSE,4,Initiating safe device shutdown,INFO,10/12/2024
10/12/2024 19:05,2024004,1,un0000000000002155,FALSE,4,Initiating safe device shutdown,INFO,10/12/2024
10/12/2024 19:05,2024004,1,un0000000000002155,FALSE,4,Initiating safe device shutdown,INFO,10/12/2024
10/12/2024 19:06,2024004,1,un0000000000002155,FALSE,4,Initiating safe device shutdown,INFO,10/12/2024
10/12/2024 19:06,2024004,1,un0000000000002155,FALSE,4,Initiating safe device shutdown,INFO,10/12/2024
10/12/2024 19:06,2024004,1,un0000000000002155,FALSE,4,Initiating safe device shutdown,INFO,10/12/2024
10/12/2024 19:06,2024004,1,un0000000000002155,FALSE,4,Initiating safe device shutdown,INFO,10/12/2024
10/12/2024 19:06,2024004,1,un0000000000002155,FALSE,4,Initiating safe device shutdown,INFO,10/12/2024
10/12/2024 19:06,2024004,1,un0000000000002155,FALSE,4,Initiating safe device shutdown,INFO,10/12/2024
10/12/2024 19:06,2024004,1,un0000000000002155,FALSE,4,Initiating safe device shutdown,INFO,10/12/2024
10/12/2024 19:06,2024004,1,un0000000000002155,FALSE,4,Initiating safe device shutdown,INFO,10/12/2024
10/12/2024 19:06,2024004,1,un0000000000002155,FALSE,4,Initiating safe device shutdown,INFO,10/12/2024
10/12/2024 19:06,2024004,1,un0000000000002155,FALSE,4,Initiating safe device shutdown,INFO,10/12/2024
10/12/2024 19:06,2024004,1,un0000000000002155,FALSE,4,Initiating safe device shutdown,INFO,10/12/2024
10/12/2024 19:06,2024004,1,un0000000000002155,FALSE,4,Initiating safe device shutdown,INFO,10/12/2024
10/12/2024 19:07,2024004,1,un0000000000002155,FALSE,4,Initiating safe device shutdown,INFO,10/12/2024
10/12/2024 19:07,2024004,1,un0000000000002155,FALSE,4,Initiating safe device shutdown,INFO,10/12/2024
10/12/2024 19:07,2024004,1,un0000000000002155,FALSE,4,Initiating safe device shutdown,INFO,10/12/2024
10/12/2024 19:07,2024004,1,un0000000000002155,FALSE,4,Initiating safe device shutdown,INFO,10/12/2024
10/12/2024 19:07,2024004,1,un0000000000002155,FALSE,4,Initiating safe device shutdown,INFO,10/12/2024
10/12/2024 19:07,2024004,1,un0000000000002155,FALSE,4,Initiating safe device shutdown,INFO,10/12/2024
10/12/2024 19:07,2024004,1,un0000000000002155,FALSE,4,Initiating safe device shutdown,INFO,10/12/2024
10/12/2024 19:07,2024004,1,un0000000000002155,FALSE,4,Initiating safe device shutdown,INFO,10/12/2024
10/12/2024 19:07,2024004,1,un0000000000002155,FALSE,4,Initiating safe device shutdown,INFO,10/12/2024
10/12/2024 19:07,2024004,1,un0000000000002155,FALSE,4,Initiating safe device shutdown,INFO,10/12/2024
10/12/2024 19:07,2024004,1,un0000000000002155,FALSE,4,Initiating safe device shutdown,INFO,10/12/2024
10/12/2024 19:07,2024004,1,un0000000000002155,FALSE,4,Initiating safe device shutdown,INFO,10/12/2024
10/12/2024 19:08,2024004,1,un0000000000002155,FALSE,4,Initiating safe device shutdown,INFO,10/12/2024
10/12/2024 19:08,2024004,1,un0000000000002155,FALSE,4,Initiating safe device shutdown,INFO,10/12/2024
10/12/2024 19:08,2024004,1,un0000000000002155,FALSE,4,Initiating safe device shutdown,INFO,10/12/2024
10/12/2024 19:08,2024004,1,un0000000000002155,FALSE,4,Initiating safe device shutdown,INFO,10/12/2024
10/12/2024 19:08,2024004,1,un0000000000002155,FALSE,4,Initiating safe device shutdown,INFO,10/12/2024
10/12/2024 19:08,2024004,1,un0000000000002155,FALSE,4,Initiating safe device shutdown,INFO,10/12/2024
10/12/2024 19:08,2024004,1,un0000000000002155,FALSE,4,Initiating safe device shutdown,INFO,10/12/2024
10/12/2024 19:08,2024004,1,un0000000000002155,FALSE,4,Initiating safe device shutdown,INFO,10/12/2024
10/12/2024 19:08,2024004,1,un0000000000002155,FALSE,4,Initiating safe device shutdown,INFO,10/12/2024
10/12/2024 19:08,2024004,1,un0000000000002155,FALSE,4,Initiating safe device shutdown,INFO,10/12/2024
10/12/2024 19:08,2024004,1,un0000000000002155,FALSE,4,Initiating safe device shutdown,INFO,10/12/2024
10/12/2024 19:08,2024004,1,un0000000000002155,FALSE,4,Initiating safe device shutdown,INFO,10/12/2024
10/12/2024 19:09,2024004,1,un0000000000002155,FALSE,4,Initiating safe device shutdown,INFO,10/12/2024
10/12/2024 19:09,2024004,1,un0000000000002155,FALSE,4,Initiating safe device shutdown,INFO,10/12/2024
10/12/2024 19:09,2024004,1,un0000000000002155,FALSE,4,Initiating safe device shutdown,INFO,10/12/2024
10/12/2024 19:09,2024004,1,un0000000000002155,FALSE,4,Initiating safe device shutdown,INFO,10/12/2024
10/12/2024 19:09,2024004,1,un0000000000002155,FALSE,4,Initiating safe device shutdown,INFO,10/12/2024
10/12/2024 19:09,2024004,1,un0000000000002155,FALSE,4,Initiating safe device shutdown,INFO,10/12/2024
10/12/2024 19:09,2024004,1,un0000000000002155,FALSE,4,Initiating safe device shutdown,INFO,10/12/2024
10/12/2024 19:09,2024004,1,un0000000000002155,FALSE,4,Initiating safe device shutdown,INFO,10/12/2024
10/12/2024 19:09,2024004,1,un0000000000002155,FALSE,4,Initiating safe device shutdown,INFO,10/12/2024
10/12/2024 19:09,2024004,1,un0000000000002155,FALSE,4,Initiating safe device shutdown,INFO,10/12/2024
10/12/2024 19:09,2024004,1,un0000000000002155,FALSE,4,Initiating safe device shutdown,INFO,10/12/2024
10/12/2024 19:09,2024004,1,un0000000000002155,FALSE,4,Initiating safe device shutdown,INFO,10/12/2024
10/12/2024 19:10,2024004,1,un0000000000002155,FALSE,4,Initiating safe device shutdown,INFO,10/12/2024
10/12/2024 19:10,2024004,1,un0000000000002155,FALSE,4,Initiating safe device shutdown,INFO,10/12/2024
10/12/2024 19:10,2024004,1,un0000000000002155,FALSE,4,Initiating safe device shutdown,INFO,10/12/2024
10/12/2024 19:10,2024004,1,un0000000000002155,FALSE,4,Initiating safe device shutdown,INFO,10/12/2024
10/12/2024 19:10,2024004,1,un0000000000002155,FALSE,4,Initiating safe device shutdown,INFO,10/12/2024
10/12/2024 19:10,2024004,1,un0000000000002155,FALSE,4,Initiating safe device shutdown,INFO,10/12/2024
10/12/2024 19:10,2024004,1,un0000000000002155,FALSE,4,Initiating safe device shutdown,INFO,10/12/2024
10/12/2024 19:10,2024004,1,un0000000000002155,FALSE,4,Initiating safe device shutdown,INFO,10/12/2024
10/12/2024 19:10,2024004,1,un0000000000002155,FALSE,4,Initiating safe device shutdown,INFO,10/12/2024
10/12/2024 19:10,2024004,1,un0000000000002155,FALSE,4,Initiating safe device shutdown,INFO,10/12/2024
10/12/2024 19:10,2024004,1,un0000000000002155,FALSE,4,Initiating safe device shutdown,INFO,10/12/2024
10/12/2024 19:11,2024004,1,un0000000000002155,FALSE,4,Initiating safe device shutdown,INFO,10/12/2024
10/12/2024 19:11,2024004,1,un0000000000002155,FALSE,4,Initiating safe device shutdown,INFO,10/12/2024
10/12/2024 19:19,2024004,2000,un0000000000002155,FALSE,4,Received the command for initializationstate,INFO,10/12/2024
10/12/2024 19:20,2024004,Execute Potable Water Production - Operation Mode: Volume,un0000000000002155,FALSE,4,AUTOMATIC TRANSITION - Production State - Continue Potable Water Production,INFO,10/12/2024
10/12/2024 19:36,2024004,,un0000000000002155,FALSE,4,Received the command for stopstate,INFO,10/12/2024
10/12/2024 19:47,2024004,1,un0000000000002155,FALSE,4,Initiating safe device shutdown,INFO,10/12/2024
10/12/2024 19:47,2024004,,un0000000000002155,FALSE,4,Received the command for stopstate,INFO,10/12/2024
10/12/2024 20:13,2024004,,un0000000000002155,FALSE,4,Received the command for stopstate,INFO,10/12/2024
10/12/2024 20:13,2024004,1,un0000000000002155,FALSE,4,Initiating safe device shutdown,INFO,10/12/2024
10/12/2024 20:13,2024004,,un0000000000002155,FALSE,4,Received the command for stopstate,INFO,10/12/2024
11/12/2024 4:01,2024004,2000,un0000000000002155,FALSE,4,Received the command for initializationstate,INFO,11/12/2024 4:01
11/12/2024 4:03,2024004,Execute Potable Water Production - Operation Mode: Volume,un0000000000002155,FALSE,4,AUTOMATIC TRANSITION - Production State - Continue Potable Water Production,INFO,11/12/2024 4:03
11/12/2024 4:56,2024004,4043,un0000000000002155,FALSE,4,"MEMBRANE DIRECT INTEGRITY (DIT) TEST -  Complete DIT, If The Maximum Allowed Time Without A DIT Has Been Exceeded",INFO,11/12/2024 4:56
11/12/2024 4:56,2024004,4043,un0000000000002155,FALSE,4,"MEMBRANE DIRECT INTEGRITY (DIT) TEST -  Complete DIT, If The Maximum Allowed Time Without A DIT Has Been Exceeded",INFO,11/12/2024 4:56
11/12/2024 5:16,2024004,Execute Potable Water Production - Operation Mode: Volume,un0000000000002155,FALSE,4,AUTOMATIC TRANSITION - Production State - Continue Potable Water Production,INFO,11/12/2024 5:16
11/12/2024 5:59,2024004,Execute Potable Water Production Automatically,un0000000000002155,FALSE,4,AUTOMATIC TRANSITION - Production State,INFO,11/12/2024 5:59
11/12/2024 6:41,2024004,Execute Membrane Air Scour - Time Triggered,un0000000000002155,FALSE,4,CLEAN IN PLACE TRIGGER - Transition to Membrane Air Scour State - IF Cleaning In-Place Cycle Trigger Mode Is Set To TIME,INFO,11/12/2024 6:41
11/12/2024 6:42,2024004,Execute Membrane Air Scour - Time Triggered,un0000000000002155,FALSE,4,CLEAN IN PLACE TRIGGER - Transition to Membrane Air Scour State - IF Cleaning In-Place Cycle Trigger Mode Is Set To TIME,INFO,11/12/2024 6:42
11/12/2024 6:55,2024004,Execute Membrane Post Clean Permeability Test,un0000000000002155,FALSE,4,"MEMBRANE CLEANING - TEST Membrane Flux Profile, Post Membrane Air Scouring And/Or Membrane Maintenance Clean",INFO,11/12/2024 6:55
11/12/2024 7:00,2024004,Membrane Post Clean Permeability Test PASSED,un0000000000002155,FALSE,4,STOP Membrane Flux Profile Test - Test PASSED,INFO,11/12/2024 7:00
11/12/2024 7:01,2024004,Execute Potable Water Production - Operation Mode: Volume,un0000000000002155,FALSE,4,AUTOMATIC TRANSITION - Production State - Continue Potable Water Production,INFO,11/12/2024 7:01
11/12/2024 7:12,2024004,,un0000000000002155,FALSE,4,Received the command for stopstate,INFO,11/12/2024 7:12
11/12/2024 22:33,2024004,Execute Potable Water Production - Operation Mode: Volume,un0000000000002155,FALSE,4,AUTOMATIC TRANSITION - Production State - Continue Potable Water Production,INFO,11/12/2024
11/12/2024 22:44,2024004,Execute Pre Filter Flush Clean - Time Triggered,un0000000000002155,FALSE,4,CLEAN IN PLACE TRIGGER - Transition to Pre-Filter Flush Clean State - IF Cleaning In-Place Cycle Trigger Mode Is Set To TIME,INFO,11/12/2024
11/12/2024 22:45,2024004,Execute Pre Filter Flush Clean - Time Triggered,un0000000000002155,FALSE,4,CLEAN IN PLACE TRIGGER - Transition to Pre-Filter Flush Clean State - IF Cleaning In-Place Cycle Trigger Mode Is Set To TIME,INFO,11/12/2024
11/12/2024 22:54,2024004,Execute Potable Water Production - Operation Mode: Volume,un0000000000002155,FALSE,4,AUTOMATIC TRANSITION - Production State - Continue Potable Water Production,INFO,11/12/2024
12/12/2024 0:28,2024004,Execute Potable Water Production Automatically,un0000000000002155,FALSE,4,AUTOMATIC TRANSITION - Production State,INFO,12/12/2024 0:28
12/12/2024 0:54,2024004,,un0000000000002155,FALSE,4,Received the command for stopstate,INFO,12/12/2024 0:54
12/12/2024 0:55,2024004,,un0000000000002155,FALSE,4,Received the command for stopstate,INFO,12/12/2024 0:55
12/12/2024 0:55,2024004,,un0000000000002155,FALSE,4,Received the command for stopstate,INFO,12/12/2024 0:55
12/12/2024 0:55,2024004,,un0000000000002155,FALSE,4,Received the command for stopstate,INFO,12/12/2024 0:55
12/12/2024 0:55,2024004,,un0000000000002155,FALSE,4,Received the command for stopstate,INFO,12/12/2024 0:55
15/12/2024 22:50,2024004,2000,un0000000000002155,FALSE,4,Received the command for initializationstate,INFO,15/12/2024
15/12/2024 22:52,2024004,4043,un0000000000002155,FALSE,4,"MEMBRANE DIRECT INTEGRITY (DIT) TEST -  Complete DIT, If The Maximum Allowed Time Without A DIT Has Been Exceeded",INFO,15/12/2024
15/12/2024 23:12,2024004,Execute Potable Water Production - Operation Mode: Volume,un0000000000002155,FALSE,4,AUTOMATIC TRANSITION - Production State - Continue Potable Water Production,INFO,15/12/2024
15/12/2024 23:52,2024004,Execute Membrane Air Scour - Time Triggered,un0000000000002155,FALSE,4,CLEAN IN PLACE TRIGGER - Transition to Membrane Air Scour State - IF Cleaning In-Place Cycle Trigger Mode Is Set To TIME,INFO,15/12/2024
15/12/2024 23:53,2024004,Execute Membrane Air Scour - Time Triggered,un0000000000002155,FALSE,4,CLEAN IN PLACE TRIGGER - Transition to Membrane Air Scour State - IF Cleaning In-Place Cycle Trigger Mode Is Set To TIME,INFO,15/12/2024
16/12/2024 0:06,2024004,Execute Membrane Post Clean Permeability Test,un0000000000002155,FALSE,4,"MEMBRANE CLEANING - TEST Membrane Flux Profile, Post Membrane Air Scouring And/Or Membrane Maintenance Clean",INFO,16/12/2024 0:06
16/12/2024 0:11,2024004,Membrane Post Clean Permeability Test PASSED,un0000000000002155,FALSE,4,STOP Membrane Flux Profile Test - Test PASSED,INFO,16/12/2024 0:11
16/12/2024 0:12,2024004,Execute Potable Water Production - Operation Mode: Volume,un0000000000002155,FALSE,4,AUTOMATIC TRANSITION - Production State - Continue Potable Water Production,INFO,16/12/2024 0:12
16/12/2024 0:17,2024004,,un0000000000002155,FALSE,4,Received the command for stopstate,INFO,16/12/2024 0:17
16/12/2024 0:18,2024004,,un0000000000002155,FALSE,4,Received the command for stopstate,INFO,16/12/2024 0:18
16/12/2024 0:19,2024004,1,un0000000000002155,FALSE,4,Initiating safe device shutdown,INFO,16/12/2024 0:19
16/12/2024 3:33,2024004,2000,un0000000000002155,FALSE,4,Received the command for initializationstate,INFO,16/12/2024 3:33
16/12/2024 3:35,2024004,Execute Potable Water Production - Operation Mode: Volume,un0000000000002155,FALSE,4,AUTOMATIC TRANSITION - Production State - Continue Potable Water Production,INFO,16/12/2024 3:35
16/12/2024 3:48,2024004,Execute Potable Water Production - Operation Mode: Volume,un0000000000002155,FALSE,4,AUTOMATIC TRANSITION - Production State - Continue Potable Water Production,INFO,16/12/2024 3:48
16/12/2024 3:59,2024004,Execute Pre Filter Flush Clean - Time Triggered,un0000000000002155,FALSE,4,CLEAN IN PLACE TRIGGER - Transition to Pre-Filter Flush Clean State - IF Cleaning In-Place Cycle Trigger Mode Is Set To TIME,INFO,16/12/2024 3:59
16/12/2024 3:59,2024004,Execute Pre Filter Flush Clean - Time Triggered,un0000000000002155,FALSE,4,CLEAN IN PLACE TRIGGER - Transition to Pre-Filter Flush Clean State - IF Cleaning In-Place Cycle Trigger Mode Is Set To TIME,INFO,16/12/2024 3:59
16/12/2024 4:09,2024004,Execute Potable Water Production - Operation Mode: Volume,un0000000000002155,FALSE,4,AUTOMATIC TRANSITION - Production State - Continue Potable Water Production,INFO,16/12/2024 4:09
16/12/2024 4:34,2024004,,un0000000000002155,FALSE,4,Received the command for stopstate,INFO,16/12/2024 4:34
16/12/2024 4:51,2024004,2000,un0000000000002155,FALSE,4,Received the command for initializationstate,INFO,16/12/2024 4:51
16/12/2024 4:52,2024004,Execute Potable Water Production - Operation Mode: Volume,un0000000000002155,FALSE,4,AUTOMATIC TRANSITION - Production State - Continue Potable Water Production,INFO,16/12/2024 4:52
16/12/2024 5:52,2024004,Execute Potable Water Production Automatically,un0000000000002155,FALSE,4,AUTOMATIC TRANSITION - Production State,INFO,16/12/2024 5:52
16/12/2024 6:56,2024004,,un0000000000002155,FALSE,4,Received the command for stopstate,INFO,16/12/2024 6:56
16/12/2024 22:49,2024004,Execute Potable Water Production - Operation Mode: Volume,un0000000000002155,FALSE,4,AUTOMATIC TRANSITION - Production State - Continue Potable Water Production,INFO,16/12/2024
16/12/2024 23:09,2024004,2000,un0000000000002155,FALSE,4,Received the command for initializationstate,INFO,16/12/2024
16/12/2024 23:16,2024004,4043,un0000000000002155,FALSE,4,"MEMBRANE DIRECT INTEGRITY (DIT) TEST -  Complete DIT, If The Maximum Allowed Time Without A DIT Has Been Exceeded",INFO,16/12/2024
16/12/2024 23:19,2024004,,un0000000000002155,FALSE,4,Received the command for stopstate,INFO,16/12/2024
16/12/2024 23:24,2024004,2000,un0000000000002155,FALSE,4,Received the command for initializationstate,INFO,16/12/2024
16/12/2024 23:32,2024004,Execute Membrane Fill,un0000000000002155,FALSE,4,GENERAL SYSTEM - FILL Membrane Feed & Filtrate Sides With Water,INFO,16/12/2024
16/12/2024 23:37,2024004,,un0000000000002155,FALSE,4,Received the command for stopstate,INFO,16/12/2024
16/12/2024 23:37,2024004,,un0000000000002155,FALSE,4,Received the command for stopstate,INFO,16/12/2024
16/12/2024 23:37,2024004,,un0000000000002155,FALSE,4,Received the command for stopstate,INFO,16/12/2024
16/12/2024 23:37,2024004,,un0000000000002155,FALSE,4,Received the command for stopstate,INFO,16/12/2024
16/12/2024 23:37,2024004,,un0000000000002155,FALSE,4,Received the command for stopstate,INFO,16/12/2024
16/12/2024 23:37,2024004,,un0000000000002155,FALSE,4,Received the command for stopstate,INFO,16/12/2024
18/12/2024 2:09,2024004,2000,un0000000000002155,FALSE,4,Received the command for initializationstate,INFO,18/12/2024 2:09
18/12/2024 2:10,2024004,,un0000000000002155,FALSE,4,Received the command for stopstate,INFO,18/12/2024 2:10
18/12/2024 2:11,2024004,,un0000000000002155,FALSE,4,Received the command for stopstate,INFO,18/12/2024 2:11
18/12/2024 2:11,2024004,,un0000000000002155,FALSE,4,Received the command for stopstate,INFO,18/12/2024 2:11
18/12/2024 2:11,2024004,,un0000000000002155,FALSE,4,Received the command for stopstate,INFO,18/12/2024 2:11
18/12/2024 2:11,2024004,,un0000000000002155,FALSE,4,Received the command for stopstate,INFO,18/12/2024 2:11
18/12/2024 2:11,2024004,,un0000000000002155,FALSE,4,Received the command for stopstate,INFO,18/12/2024 2:11
18/12/2024 2:11,2024004,,un0000000000002155,FALSE,4,Received the command for stopstate,INFO,18/12/2024 2:11
18/12/2024 2:11,2024004,,un0000000000002155,FALSE,4,Received the command for stopstate,INFO,18/12/2024 2:11
18/12/2024 2:11,2024004,,un0000000000002155,FALSE,4,Received the command for stopstate,INFO,18/12/2024 2:11
18/12/2024 2:11,2024004,,un0000000000002155,FALSE,4,Received the command for stopstate,INFO,18/12/2024 2:11
18/12/2024 2:12,2024004,,un0000000000002155,FALSE,4,Received the command for stopstate,INFO,18/12/2024 2:12
18/12/2024 2:12,2024004,,un0000000000002155,FALSE,4,Received the command for stopstate,INFO,18/12/2024 2:12
18/12/2024 2:12,2024004,,un0000000000002155,FALSE,4,Received the command for stopstate,INFO,18/12/2024 2:12
18/12/2024 2:12,2024004,,un0000000000002155,FALSE,4,Received the command for stopstate,INFO,18/12/2024 2:12
18/12/2024 2:12,2024004,,un0000000000002155,FALSE,4,Received the command for stopstate,INFO,18/12/2024 2:12
18/12/2024 2:12,2024004,,un0000000000002155,FALSE,4,Received the command for stopstate,INFO,18/12/2024 2:12
18/12/2024 2:12,2024004,,un0000000000002155,FALSE,4,Received the command for stopstate,INFO,18/12/2024 2:12
18/12/2024 2:12,2024004,,un0000000000002155,FALSE,4,Received the command for stopstate,INFO,18/12/2024 2:12
18/12/2024 2:12,2024004,,un0000000000002155,FALSE,4,Received the command for stopstate,INFO,18/12/2024 2:12
18/12/2024 2:12,2024004,,un0000000000002155,FALSE,4,Received the command for stopstate,INFO,18/12/2024 2:12
18/12/2024 2:12,2024004,,un0000000000002155,FALSE,4,Received the command for stopstate,INFO,18/12/2024 2:12
18/12/2024 2:12,2024004,,un0000000000002155,FALSE,4,Received the command for stopstate,INFO,18/12/2024 2:12
18/12/2024 2:13,2024004,,un0000000000002155,FALSE,4,Received the command for stopstate,INFO,18/12/2024 2:13
18/12/2024 2:13,2024004,,un0000000000002155,FALSE,4,Received the command for stopstate,INFO,18/12/2024 2:13
18/12/2024 2:13,2024004,,un0000000000002155,FALSE,4,Received the command for stopstate,INFO,18/12/2024 2:13
18/12/2024 2:13,2024004,,un0000000000002155,FALSE,4,Received the command for stopstate,INFO,18/12/2024 2:13
18/12/2024 3:09,2024004,2000,un0000000000002155,FALSE,4,Received the command for initializationstate,INFO,18/12/2024 3:09
18/12/2024 3:11,2024004,Execute Membrane Fill,un0000000000002155,FALSE,4,GENERAL SYSTEM - FILL Membrane Feed & Filtrate Sides With Water,INFO,18/12/2024 3:11
19/12/2024 2:52,2024004,Execute Membrane Fill,un0000000000002155,FALSE,4,GENERAL SYSTEM - FILL Membrane Feed & Filtrate Sides With Water,INFO,19/12/2024 2:52
19/12/2024 8:38,2024004,4066,un0000000000002155,FALSE,4,Automatic Transition To Wait State - IF System Water Input Pressure Is Within The Acceptable Operational Limits,INFO,19/12/2024 8:38
19/12/2024 8:39,2024004,Execute Membrane Fill,un0000000000002155,FALSE,4,GENERAL SYSTEM - FILL Membrane Feed & Filtrate Sides With Water,INFO,19/12/2024 8:39
19/12/2024 8:53,2024004,4023,un0000000000002155,FALSE,4,STOP Membrane Refill - If Poison Timer Has Ended - Transition to Tag Out State,INFO,19/12/2024 8:53
20/12/2024 3:09,2024004,Execute Membrane Fill,un0000000000002155,FALSE,4,GENERAL SYSTEM - FILL Membrane Feed & Filtrate Sides With Water,INFO,20/12/2024 3:09
20/12/2024 3:32,2024004,Execute Membrane Fill,un0000000000002155,FALSE,4,GENERAL SYSTEM - FILL Membrane Feed & Filtrate Sides With Water,INFO,20/12/2024 3:32
20/12/2024 3:40,2024004,2000,un0000000000002155,FALSE,4,Received the command for initializationstate,INFO,20/12/2024 3:40
20/12/2024 3:41,2024004,Execute Membrane Fill,un0000000000002155,FALSE,4,GENERAL SYSTEM - FILL Membrane Feed & Filtrate Sides With Water,INFO,20/12/2024 3:41
20/12/2024 4:16,2024004,2000,un0000000000002155,FALSE,4,Received the command for initializationstate,INFO,20/12/2024 4:16
20/12/2024 4:17,2024004,2000,un0000000000002155,FALSE,4,Received the command for initializationstate,INFO,20/12/2024 4:17
20/12/2024 4:48,2024004,4043,un0000000000002155,FALSE,4,"MEMBRANE DIRECT INTEGRITY (DIT) TEST -  Complete DIT, If The Maximum Allowed Time Without A DIT Has Been Exceeded",INFO,20/12/2024 4:48
20/12/2024 4:49,2024004,4043,un0000000000002155,FALSE,4,"MEMBRANE DIRECT INTEGRITY (DIT) TEST -  Complete DIT, If The Maximum Allowed Time Without A DIT Has Been Exceeded",INFO,20/12/2024 4:49
20/12/2024 5:09,2024004,Execute Potable Water Production - Operation Mode: Volume,un0000000000002155,FALSE,4,AUTOMATIC TRANSITION - Production State - Continue Potable Water Production,INFO,20/12/2024 5:09
20/12/2024 9:10,2024004,2000,un0000000000002155,FALSE,4,Received the command for initializationstate,INFO,20/12/2024 9:10
20/12/2024 10:27,2024004,2000,un0000000000002155,FALSE,4,Received the command for initializationstate,INFO,20/12/2024 10:27
20/12/2024 10:31,2024004,Execute Membrane Air Scour - Time Triggered,un0000000000002155,FALSE,4,CLEAN IN PLACE TRIGGER - Transition to Membrane Air Scour State - IF Cleaning In-Place Cycle Trigger Mode Is Set To TIME,INFO,20/12/2024 10:31
20/12/2024 10:32,2024004,Execute Membrane Air Scour - Time Triggered,un0000000000002155,FALSE,4,CLEAN IN PLACE TRIGGER - Transition to Membrane Air Scour State - IF Cleaning In-Place Cycle Trigger Mode Is Set To TIME,INFO,20/12/2024 10:32
20/12/2024 10:39,2024004,2000,un0000000000002155,FALSE,4,Received the command for initializationstate,INFO,20/12/2024 10:39
20/12/2024 10:44,2024004,Execute Membrane Fill,un0000000000002155,FALSE,4,GENERAL SYSTEM - FILL Membrane Feed & Filtrate Sides With Water,INFO,20/12/2024 10:44
20/12/2024 10:51,2024004,Execute Membrane Air Scour - Last Run Interrupted/Was Not Completed In Its Entirety,un0000000000002155,FALSE,4,MEMBRANE AIR SCOUR - EXECUTE Another Clean Cycle If LAST Air Scour Was Interrupted/Was Not Completed In Its Entirety,INFO,20/12/2024 10:51
20/12/2024 10:52,2024004,Execute Clean-In-Place (CIP) Water Tank Fill,un0000000000002155,FALSE,4,CHECK - FILL Clean-In-Place (CIP) Water Tank With Treated Water - If Insufficient Volume Of Water Stored In The Clean-In-Place (CIP) Water Tank For Current Sequence,INFO,20/12/2024 10:52
20/12/2024 10:53,2024004,Execute Clean-In-Place (CIP) Water Tank Fill,un0000000000002155,FALSE,4,GENERAL SYSTEM - FILL Clean-In-Place (CIP) Water Tank With Treated Water For Immediate Use,INFO,20/12/2024 10:53
20/12/2024 11:07,2024004,Execute Membrane Air Scour - Last Run Interrupted/Was Not Completed In Its Entirety,un0000000000002155,FALSE,4,MEMBRANE AIR SCOUR - EXECUTE Another Clean Cycle If LAST Air Scour Was Interrupted/Was Not Completed In Its Entirety,INFO,20/12/2024 11:07
20/12/2024 11:53,2024004,2000,un0000000000002155,FALSE,4,Received the command for initializationstate,INFO,20/12/2024 11:53
20/12/2024 11:54,2024004,Execute Membrane Fill,un0000000000002155,FALSE,4,GENERAL SYSTEM - FILL Membrane Feed & Filtrate Sides With Water,INFO,20/12/2024 11:54
20/12/2024 12:00,2024004,Execute Membrane Air Scour - Last Run Interrupted/Was Not Completed In Its Entirety,un0000000000002155,FALSE,4,MEMBRANE AIR SCOUR - EXECUTE Another Clean Cycle If LAST Air Scour Was Interrupted/Was Not Completed In Its Entirety,INFO,20/12/2024 12:00
20/12/2024 12:01,2024004,Execute Clean-In-Place (CIP) Water Tank Fill,un0000000000002155,FALSE,4,CHECK - FILL Clean-In-Place (CIP) Water Tank With Treated Water - If Insufficient Volume Of Water Stored In The Clean-In-Place (CIP) Water Tank For Current Sequence,INFO,20/12/2024 12:01
20/12/2024 12:03,2024004,Execute Clean-In-Place (CIP) Water Tank Fill,un0000000000002155,FALSE,4,GENERAL SYSTEM - FILL Clean-In-Place (CIP) Water Tank With Treated Water For Immediate Use,INFO,20/12/2024 12:03
20/12/2024 12:20,2024004,4000,un0000000000002155,FALSE,4,STOP Production UV Irradiation Lamp Warm Up - If Poison Timer Has Ended - Transition to TagOut State,INFO,20/12/2024 12:20
20/12/2024 12:20,2024004,4000,un0000000000002155,FALSE,4,STOP Production UV Irradiation Lamp Warm Up - If Poison Timer Has Ended - Transition to TagOut State,INFO,20/12/2024 12:20
20/12/2024 21:59,2024004,2000,un0000000000002155,FALSE,4,Received the command for initializationstate,INFO,20/12/2024
20/12/2024 22:00,2024004,2000,un0000000000002155,FALSE,4,Received the command for initializationstate,INFO,20/12/2024
20/12/2024 22:01,2024004,Execute Clean-In-Place (CIP) Water Tank Fill,un0000000000002155,FALSE,4,GENERAL SYSTEM - FILL Clean-In-Place (CIP) Water Tank With Treated Water For Immediate Use,INFO,20/12/2024
20/12/2024 22:16,2024004,Execute Membrane Air Scour - Last Run Interrupted/Was Not Completed In Its Entirety,un0000000000002155,FALSE,4,MEMBRANE AIR SCOUR - EXECUTE Another Clean Cycle If LAST Air Scour Was Interrupted/Was Not Completed In Its Entirety,INFO,20/12/2024
20/12/2024 23:49,2024004,2000,un0000000000002155,FALSE,4,Received the command for initializationstate,INFO,20/12/2024
20/12/2024 23:49,2024004,2000,un0000000000002155,FALSE,4,Received the command for initializationstate,INFO,20/12/2024
20/12/2024 23:50,2024004,Execute Membrane Fill,un0000000000002155,FALSE,4,GENERAL SYSTEM - FILL Membrane Feed & Filtrate Sides With Water,INFO,20/12/2024
20/12/2024 23:56,2024004,Execute Membrane Air Scour - Last Run Interrupted/Was Not Completed In Its Entirety,un0000000000002155,FALSE,4,MEMBRANE AIR SCOUR - EXECUTE Another Clean Cycle If LAST Air Scour Was Interrupted/Was Not Completed In Its Entirety,INFO,20/12/2024
20/12/2024 23:57,2024004,Execute Clean-In-Place (CIP) Water Tank Fill,un0000000000002155,FALSE,4,CHECK - FILL Clean-In-Place (CIP) Water Tank With Treated Water - If Insufficient Volume Of Water Stored In The Clean-In-Place (CIP) Water Tank For Current Sequence,INFO,20/12/2024
20/12/2024 23:59,2024004,Execute Clean-In-Place (CIP) Water Tank Fill,un0000000000002155,FALSE,4,GENERAL SYSTEM - FILL Clean-In-Place (CIP) Water Tank With Treated Water For Immediate Use,INFO,20/12/2024
21/12/2024 0:13,2024004,Execute Membrane Air Scour - Last Run Interrupted/Was Not Completed In Its Entirety,un0000000000002155,FALSE,4,MEMBRANE AIR SCOUR - EXECUTE Another Clean Cycle If LAST Air Scour Was Interrupted/Was Not Completed In Its Entirety,INFO,21/12/2024 0:13
21/12/2024 5:15,2024004,2000,un0000000000002155,FALSE,4,Received the command for initializationstate,INFO,21/12/2024 5:15
21/12/2024 5:16,2024004,2000,un0000000000002155,FALSE,4,Received the command for initializationstate,INFO,21/12/2024 5:16
21/12/2024 5:17,2024004,Execute Membrane Fill,un0000000000002155,FALSE,4,GENERAL SYSTEM - FILL Membrane Feed & Filtrate Sides With Water,INFO,21/12/2024 5:17
21/12/2024 5:23,2024004,Execute Membrane Air Scour - Last Run Interrupted/Was Not Completed In Its Entirety,un0000000000002155,FALSE,4,MEMBRANE AIR SCOUR - EXECUTE Another Clean Cycle If LAST Air Scour Was Interrupted/Was Not Completed In Its Entirety,INFO,21/12/2024 5:23
21/12/2024 5:24,2024004,Execute Clean-In-Place (CIP) Water Tank Fill,un0000000000002155,FALSE,4,CHECK - FILL Clean-In-Place (CIP) Water Tank With Treated Water - If Insufficient Volume Of Water Stored In The Clean-In-Place (CIP) Water Tank For Current Sequence,INFO,21/12/2024 5:24
21/12/2024 5:25,2024004,Execute Clean-In-Place (CIP) Water Tank Fill,un0000000000002155,FALSE,4,GENERAL SYSTEM - FILL Clean-In-Place (CIP) Water Tank With Treated Water For Immediate Use,INFO,21/12/2024 5:25
21/12/2024 5:39,2024004,Execute Membrane Air Scour - Last Run Interrupted/Was Not Completed In Its Entirety,un0000000000002155,FALSE,4,MEMBRANE AIR SCOUR - EXECUTE Another Clean Cycle If LAST Air Scour Was Interrupted/Was Not Completed In Its Entirety,INFO,21/12/2024 5:39
21/12/2024 10:08,2024004,2000,un0000000000002155,FALSE,4,Received the command for initializationstate,INFO,21/12/2024 10:08
21/12/2024 10:10,2024004,Execute Membrane Fill,un0000000000002155,FALSE,4,GENERAL SYSTEM - FILL Membrane Feed & Filtrate Sides With Water,INFO,21/12/2024 10:10
21/12/2024 10:16,2024004,Execute Membrane Air Scour - Last Run Interrupted/Was Not Completed In Its Entirety,un0000000000002155,FALSE,4,MEMBRANE AIR SCOUR - EXECUTE Another Clean Cycle If LAST Air Scour Was Interrupted/Was Not Completed In Its Entirety,INFO,21/12/2024 10:16
21/12/2024 10:17,2024004,Execute Clean-In-Place (CIP) Water Tank Fill,un0000000000002155,FALSE,4,CHECK - FILL Clean-In-Place (CIP) Water Tank With Treated Water - If Insufficient Volume Of Water Stored In The Clean-In-Place (CIP) Water Tank For Current Sequence,INFO,21/12/2024 10:17
21/12/2024 10:18,2024004,Execute Clean-In-Place (CIP) Water Tank Fill,un0000000000002155,FALSE,4,GENERAL SYSTEM - FILL Clean-In-Place (CIP) Water Tank With Treated Water For Immediate Use,INFO,21/12/2024 10:18
21/12/2024 10:32,2024004,Execute Membrane Air Scour - Last Run Interrupted/Was Not Completed In Its Entirety,un0000000000002155,FALSE,4,MEMBRANE AIR SCOUR - EXECUTE Another Clean Cycle If LAST Air Scour Was Interrupted/Was Not Completed In Its Entirety,INFO,21/12/2024 10:32
24/12/2024 3:56,2024004,,un0000000000002155,FALSE,4,Received the command for stopstate,INFO,24/12/2024 3:56
24/12/2024 3:56,2024004,,un0000000000002155,FALSE,4,Received the command for stopstate,INFO,24/12/2024 3:56
24/12/2024 3:57,2024004,2000,un0000000000002155,FALSE,4,Received the command for initializationstate,INFO,24/12/2024 3:57
24/12/2024 4:42,2024004,,un0000000000002155,FALSE,4,Received the command for stopstate,INFO,24/12/2024 4:42
24/12/2024 4:42,2024004,,un0000000000002155,FALSE,4,Received the command for stopstate,INFO,24/12/2024 4:42
24/12/2024 4:43,2024004,2000,un0000000000002155,FALSE,4,Received the command for initializationstate,INFO,24/12/2024 4:43
24/12/2024 4:49,2024004,,un0000000000002155,FALSE,4,Received the command for stopstate,INFO,24/12/2024 4:49
24/12/2024 4:50,2024004,2000,un0000000000002155,FALSE,4,Received the command for initializationstate,INFO,24/12/2024 4:50
24/12/2024 5:18,2024004,,un0000000000002155,FALSE,4,Received the command for stopstate,INFO,24/12/2024 5:18
24/12/2024 5:19,2024004,2000,un0000000000002155,FALSE,4,Received the command for initializationstate,INFO,24/12/2024 5:19
